1	α	alfa
2	Ἀαρών	Aarón
3	Ἀβαδδών	Abadón
4	ἀβαρής	no gravoso
5	ἀββά	padre
6	Ἅβελ	Abel
7	Ἀβιά	Abías
8	Ἀβιαθάρ	Abiatar
9	Ἀβιληνή	Abilene
10	Ἀβιούδ	Abiud
11	Ἀβραάμ	Abraham
12	ἄβυσσος	abismo
13	Ἅγαβος	Ágabo
14	ἀγαθοεργέω	hacer el bien
15	ἀγαθοεργός	bienhechor
16	ἀγαθοποιέω	hacer el bien
17	ἀγαθοποιία	hacer el bien
18	ἀγαθοποιός	bienhechor
19	ἀγαθός	bueno
20	ἀγαθωσύνη	bondad
21	ἀγαλλίασις	alegría
22	ἀγαλλιάω	regocijarse
23	ἄγαμος	soltero
24	ἀγανακτέω	indignarse
25	ἀγανάκτησις	indignación
26	ἀγαπάω	amar
27	ἀγάπη	amor
28	ἀγαπητός	amado
29	Ἁγάρ	Agar
30	ἀγγαρεύω	obligar
31	ἀγγεῖον	vasija
32	ἀγγελία	mensaje
33	ἀγγέλλω	anunciar
34	ἄγγελος	ángel
35	ἄγγος	cesto
36	ἀγέλη	manada
37	ἀγενεαλόγητος	sin genealogía
38	ἀγενής	vil
39	ἁγιάζω	santificar
40	ἁγιασμός	santificación
41	ἅγιος	santo
42	ἁγιότης	santidad
43	ἁγιωσύνη	santidad
44	ἀγκάλη	brazo
45	ἄγκιστρον	anzuelo
46	ἄγκυρα	ancla
47	ἄγναφος	no encogido
48	ἁγνεία	pureza
49	ἁγνίζω	purificar
50	ἁγνισμός	purificación
51	ἀγνοέω	ignorar
52	ἀγνόημα	pecado por ignorancia
53	ἄγνοια	ignorancia
54	ἁγνός	puro
55	ἁγνότης	pureza
56	ἁγνῶς	puramente
57	ἀγνωσία	ignorancia
58	ἄγνωστος	desconocido
59	ἀγορά	mercado
60	ἀγοράζω	comprar
61	ἀγοραῖος	mercado
62	ἄγρα	pesca
63	ἀγράμματος	iletrado
64	ἀγραυλέω	vivir al aire libre
65	ἀγρεύω	capturar
66	ἀγριέλαιος	olivo silvestre
67	ἄγριος	silvestre
68	Ἀγρίππας	Agripa
69	ἀγρός	campo
70	ἀγρυπνέω	velar
71	ἀγρυπνία	insomnio
72	ἄγω	traer
73	ἀγωγή	modo de vida
74	ἀγών	lucha
75	ἀγωνία	angustia
76	ἀγωνίζομαι	luchar
77	Ἀδάμ	Adán
78	ἀδάπανος	gratis
79	Ἀδδί	Adí
80	ἀδελφή	hermana
81	ἀδελφός	hermano
82	ἀδελφότης	hermandad
83	ἄδηλος	incierto
84	ἀδηλότης	incertidumbre
85	ἀδήλως	inciertamente
86	ἀδημονέω	angustiarse
87	ᾅδης	Hades
88	ἀδιάκριτος	imparcial
89	ἀδιάλειπτος	constante
90	ἀδιαλείπτως	sin cesar
91	ἀδιαφθορία	sinceridad
92	ἀδικέω	hacer mal
93	ἀδίκημα	delito
94	ἀδικία	injusticia
95	ἀδικοκρίτης	juez injusto
96	ἄδικος	injusto
97	ἀδίκως	injustamente
98	Ἀδμίν	Admín
99	ἀδόκιμος	reprobado
100	ἄδολος	puro
101	Ἀδραμυττηνός	adramitena
102	Ἀδρίας	Mar Adriático
103	ἁδρότης	ofrenda abundante
104	ἀδυνατέω	ser imposible
105	ἀδύνατος	imposible
106	ᾄδω	cantar
107	ἀεί	siempre
108	ἀετός	águila
109	ἄζυμος	ázimo
110	Ἀζώρ	Azor
111	Ἄζωτος	Azoto
112	ἀηδία	enemistad
113	ἀήρ	aire
114	ἀθανασία	inmortalidad
115	ἀθάνατος	inmortal
116	ἀθέμιτος	ilícito
117	ἄθεος	sin Dios
118	ἄθεσμος	inicuo
119	ἀθετέω	desechar
120	ἀθέτησις	abrogación
121	Ἀθηνᾶ	Atenas
122	Ἀθηναῖος	ateniense
123	ἀθλέω	competir
124	ἄθλησις	combate
125	ἀθροίζω	reunir
126	ἀθυμέω	desalentarse
127	ἀθῷος	inocente
128	αἴγειος	de cabra
129	αἰγιαλός	orilla
130	Αἰγύπτιος	egipcio
131	Αἴγυπτος	Egipto
132	ἀίδιος	eterno
133	αἰδώς	pudor
134	Αἰθίοψ	etíope
135	αἱμα	sangre
136	αἱματεκχυσία	derramamiento
137	αἱμορροέω	padecer de flujo de sangre
138	Αἰνέας	Eneas
139	αἴνεσις	alabanza
140	αἰνέω	alabar
141	αἴνιγμα	enigma
142	αἶνος	alabanza
143	Αἰνών	Enón
144	αἴξ	cabra
145	αἱρέω	escoger
146	αἵρεσις	secta
147	αἱρετίζω	elegir
148	αἱρετικός	hereje
149	αἴρω	levantar
150	αἰσθάνομαι	percibir
151	αἴσθησις	discernimiento
152	αἰσθητήριον	sentido
153	αἰσχροκερδής	codicioso de ganancias deshonestas
154	αἰσχροκερδῶς	por ganancia deshonesta
155	αἰσχρολογία	lenguaje obsceno
156	αἰσχρός	vergonzoso
157	αἰσχρότης	obscenidad
158	αἰσχύνη	vergüenza
159	αἰσχύνομαι	avergonzarse
160	αἰτέω	pedir
161	αἴτημα	petición
162	αἰτία	acusación
163	αἰτίαμα	acusación
164	αἰτιάομαι	acusar
165	αἴτιος	causa
166	αἰτίωμα	acusación
167	αἰφνίδιος	repentino
168	αἰχμαλωσία	cautiverio
169	αἰχμαλωτεύω	llevar cautivo
170	αἰχμαλωτίζω	llevar cautivo
171	αἰχμάλωτος	cautivo
172	αἰών	eternidad
173	αἰώνιος	eterno
174	ἀκαθαρσία	impureza
175	ἀκαθάρτης	inmundicia
176	ἀκάθαρτος	inmundo
177	ἀκαιρέομαι	no tener oportunidad
178	ἀκαίρως	fuera de tiempo
179	ἄκακος	inocente
180	ἄκανθα	espina
181	ἀκάνθινος	de espinas
182	ἄκαρπος	sin fruto
183	ἀκατάγνωστος	no condenado
184	ἀκατακάλυπτος	descubierto
185	ἀκατάκριτος	no condenado
186	ἀκατάλυτος	indestructible
187	ἀκατάπαστος	incesante
188	ἀκατάπαυστος	incesante
189	ἀκαταστασία	confusión
190	ἀκατάστατος	inconstante
191	ἀκατάσχετος	incontrolable
192	Ἀκελδαμάχ	Acéldama
193	ἀκέραιος	sencillo
194	ἀκηδεμονέω	estar angustiado
195	ἀκλινής	firme
196	ἀκμάζω	madurar
197	ἀκμήν	aún
198	ἀκοή	oír
199	ἀκολουθέω	seguir
200	ἀκουστός	audible
201	ἀκούω	oír
202	ἀκρασία	incontinencia
203	ἀκρατής	intemperante
204	ἄκρατος	sin mezcla
205	ἀκρίβεια	exactitud
206	ἀκριβέστερον	más estricto
207	ἀκριβής	estricto
208	ἀκριβόω	averiguar exactamente
209	ἀκριβῶς	exactamente
210	ἀκρίς	langosta
211	ἀκροατήριον	sala de audiencia
212	ἀκροατής	oidor
213	ἀκροβυστία	incircuncisión
214	ἀκρογωνιαῖος	piedra angular
215	ἀκροθίνιον	botín
216	ἄκρον	extremo
217	Ἀκύλας	Aquila
218	ἀκυρόω	invalidar
219	ἀκωλύτως	sin impedimento
220	ἄκων	involuntario
221	ἅλα	sal
222	ἀλάβαστρον	vaso de alabastro
223	ἀλάβαστρος	vaso de alabastro
224	ἀλαζονεία	vanagloria
225	ἀλαζών	altivo
226	ἀλαλάζω	retiñir
227	ἀλάλητος	indecible
228	ἄλαλος	mudo
229	ἅλας	sal
230	ἀλείφω	ungir
231	ἀλεκτοροφωνία	canto del gallo
232	ἀλέκτωρ	gallo
233	Ἀλεξανδρεύς	alejandrino
234	Ἀλεξανδρῖνος	alejandrino
235	Ἀλέξανδρος	Alejandro
236	ἄλευρον	harina
237	ἀλήθεια	verdad
238	ἀληθεύω	decir la verdad
239	ἀληθής	verdadero
240	ἀληθινός	verdadero
241	ἀλήθω	moler
242	ἀληθῶς	verdaderamente
243	ἁλιεύς	pescador
244	ἁλιεύω	pescar
245	ἁλίζω	salar
246	ἀλίσγημα	contaminación
247	ἀλλά	pero
248	ἀλλάσσω	cambiar
249	ἀλλαχόθεν	por otra parte
250	ἀλλαχοῦ	en otra parte
251	ἀλληγορέω	alegorizar
252	ἁλληλουϊά	aleluya
253	ἀλλήλων	unos a otros
254	ἀλλογενής	extranjero
255	ἀλλοιόω	cambiar
256	ἅλλομαι	saltar
257	ἄλλος	otro
258	ἀλλοτριεπίσκοπος	entrometido
259	ἀλλότριος	ajeno
260	ἀλλόφυλος	gentil
261	ἄλλως	de otro modo
262	ἀλοάω	trillar
263	ἄλογος	irracional
264	ἀλόη	áloes
265	ἅλς	sal
266	ἁλυκός	fuente salada
267	ἄλυπος	sin ansiedad
268	ἅλυσις	cadena
269	ἀλυσιτελής	no provechoso
270	ἄλφα	Alfa
271	Ἁλφαῖος	Alfeo
272	ἅλων	era
273	ἀλώπηξ	zorro
274	ἅλωσις	captura
275	ἅμα	juntamente
276	ἀμαθής	ignorante
277	ἀμαράντινος	inmarcesible
278	ἀμάραντος	inmarcesible
279	ἁμαρτάνω	pecar
280	ἁμάρτημα	pecado
281	ἁμαρτία	pecado
282	ἀμάρτυρος	sin testimonio
283	ἁμαρτωλός	pecador
284	Ἀμασίας	Amasías
285	ἄμαχος	pacífico
286	ἀμάω	segar
287	ἀμέθυστος	amatista
288	ἀμελέω	descuidar
289	ἄμεμπτος	irreprensible
290	ἀμέμπτως	irreprensiblemente
291	ἀμέριμνος	sin preocupación
292	ἀμετάθετος	inmutable
293	ἀμετακίνητος	inconmovible
294	ἀμεταμέλητος	sin remordimiento
295	ἀμετανόητοςς	impenitente
296	ἄμετρος	sin medida
297	ἀμήν	amén
298	ἀμήτωρ	sin madre
299	ἀμίαντος	incontaminado
300	Ἀμιναδάβ	Aminadab
301	ἄμμον	arena
302	ἄμμος	arena
303	ἀμνός	cordero
304	ἀμοιβή	retribución
305	ἄμμορφος	deforme
306	ἄμπελος	vid
307	ἀμπελουργός	viñador
308	ἀμπελών	viña
309	Ἀμπλιᾶτος	Amplias
310	ἀμύνομαι	defender
311	ἀμφιβάλλω	echar la red
312	ἀμφίβληστρον	red
313	ἀμφιέζω	vestir
314	ἀμφιέννυμι	vestir
315	Ἀμφίπολις	Anfípolis
316	ἄμφοδον	calle
317	ἀμφότεροι	ambos
318	ἀμώμητος	irreprensible
319	ἄμωμον	amomo
320	ἄμωμοςς	sin mancha
321	Ἀμών	Amón
322	Ἀμώς	Amós
323	ἄν	quizá
324	ἀνά	cada
325	ἀναβαθμός	escalón
326	ἀναβαίνω	subir
327	ἀναβάλλω	aplazar
328	ἀναβιβάζω	sacar
329	ἀναβλέπω	alzar la vista
330	ἀνάβλεψις	recuperación de la vista
331	ἀναβοάω	gritar
332	ἀναβολή	demora
333	ἀνάγαιον	aposento alto
334	ἀναγγέλλω	anunciar
335	ἀναγεννάω	hacer nacer de nuevo
336	ἀναγινώσκω	leer
337	ἀναγκάζω	obligar
338	ἀναγκαῖος	necesario
339	ἀναγκαστῶς	a la fuerza
340	ἀνάγκη	necesidad
341	ἀναγνωρίζω	dar a conocer
342	ἀνάγνωσις	lectura
343	ἀνάγω	hacer subir
344	ἀναδείκνυμι	mostrar
345	ἀνάδειξις	manifestación
346	ἀναδέχομαι	recibir
347	ἀναδίδωμι	entregar
348	ἀναζάω	revivir
349	ἀναζητέω	buscar
350	ἀναζώννυμι	ceñir
351	ἀναζωπυρέω	avivar
352	ἀναθάλλω	renovar
353	ἀνάθεμα	anatema
354	ἀναθεματίζω	conjurar
355	ἀναθεωρέω	observar atentamente
356	ἀνάθημα	ofrenda consagrada a Dios
357	ἀναίδεια	importunidad
358	ἀναίρεσις	muerte
359	ἀναιρέω	matar
360	ἀναίτιος	inocente
361	ἀνακαθίζω	incorporarse
362	ἀνακαινίζω	renovar
363	ἀνακαινόω	renovar
364	ἀνακαίνωσις	renovación
365	ἀνακαλύπτω	descubrir
366	ἀνακάμπτω	volver
367	ἀνάκειμαι	reclinarse a la mesa
368	ἀνακεφαλαιόω	reunir
369	ἀνακλίνω	hacer recostar
370	ἀνακόπτω	estorbar
371	ἀνακράζω	gritar
372	ἀνακραυγάζω	gritar
373	ἀνακρίνω	escudriñar
374	ἀνάκρισις	investigación
375	ἀνακυλίω	hacer rodar
376	ἀνακύπτω	enderezarse
377	ἀναλαμβάνω	tomar
378	ἀνάλημψις	ascensión
379	ἀναλίσκω	consumir
380	ἀνάλλομαι	saltar
381	ἀναλογία	proporción
382	ἀναλογίζομαι	considerar
383	ἄναλος	insípido
384	ἀναλόω	destruir
385	ἀνάλυσις	partida
386	ἀναλύω	partir
387	ἀναμάρτητος	sin pecado
388	ἀναμένω	esperar
389	ἀναμιμνῄσκω	recordar
390	ἀνάμνησις	memoria
391	ἀνανεόω	renovar
392	ἀνανήφω	volver en sí
393	Ἁνανίας	Ananías
394	ἀναντίρρητος	indiscutible
395	ἀναντιρρήτως	sin objeción
396	ἀνάξιος	indigno
397	ἀναξίως	indignamente
398	ἀνάπαυσις	reposo
399	ἀναπαύω	descansar
400	ἀναπείθω	persuadir
401	ἀνάπειρος	lisiado
402	ἀναπέμπω	remitir
403	ἀναπηδάω	saltar
404	ἀναπίπτω	reclinarse
405	ἀναπληρόω	cumplir
406	ἀναπολόγητος	inexcusable
407	ἀναπράσσω	exigir
408	ἀναπτύσσω	desenrollar
409	ἀνάπτω	encender
410	ἀναρίθμητος	innumerable
411	ἀνασείω	alborotar
412	ἀνασκευάζω	perturbar
413	ἀνασπάω	arrancar
414	ἀνάστασις	resurrección
415	ἀναστατόω	trastornar
416	ἀνασταυρόω	crucificar de nuevo
417	ἀναστενάζω	suspirar profundamente
418	ἀναστρέφω	conducirse
419	ἀναστροφή	conducta
420	ἀνασῴζω	salvar
421	ἀνατάσσομαι	poner en orden
422	ἀνατέλλω	salir
423	ἀνατίθημι	presentar
424	ἀνατολή	oriente
425	ἀνατολικός	oriental
426	ἀνατρέπω	trastornar
427	ἀνατρέφω	criar
428	ἀναφαίνω	aparecer
429	ἀναφέρω	ofrecer
430	ἀναφωνέω	exclamar
431	ἀνάχυσις	desenfreno
432	ἀναχωρέω	retirarse
433	ἀνάψυξις	refrigerio
434	ἀναψύχω	refrescar
435	ἀνδραποδιστής	traficante de esclavos
436	Ἀνδρέας	Andrés
437	ἀνδρίζομαι	portarse varonilmente
438	Ἀνδρόνικος	Andrónico
439	ἀνδροφόνος	homicida
440	ἀνεγκλησία	irreprensibilidad
441	ἀνέγκλητος	irreprensible
442	ἀνεκδιήγητος	inefable
443	ἀνεκλάλητος	inefable
444	ἀνέκλειπτος	inagotable
445	ἀνεκτός	tolerable
446	ἀνελεήμων	despiadado
447	ἀνέλεος	sin misericordia
448	ἀνεμίζω	ser agitado por el viento
449	ἄνεμος	viento
450	ἀνένδεκτος	imposible
451	ἀνεξεραύνητος	insondable
452	ἀνεξίκακος	sufrido
453	ἀνεξιχνίαστος	inescrutable
454	ἀνεπαίσχυντος	sin avergonzarse
455	ἀνεπίλημπτος	irreprensible
456	ἀνέρχομαι	subir
457	ἄνεσις	reposo
458	ἀνετάζω	interrogar
459	ἄνευ	sin
460	ἀνεύθετος	inadecuado
461	ἀνευρίσκω	hallar
462	ἀνέχομαι	soportar
463	ἀνεψιός	primo
464	ἄνηθον	eneldo
465	ἀνήκω	ser conveniente
466	ἀνήμερος	brutal
467	ἀνήρ	hombre
468	ἀνθίστημι	resistir
469	ἀνθομολογέομαι	dar gracias
470	ἄνθος	flor
471	ἀνθρακιά	fuego de brasas
472	ἄνθραξ	ascua
473	ἀνθρωπάρεσκος	agradador de hombres
474	ἀνθρώπινος	humano
475	ἀνθρωποκτόνος	homicida
476	ἄνθρωπος	hombre
477	ἀνθυπατεύω	ser procónsul
478	ἀνθύπατος	procónsul
479	ἀνίημι	aflojar
480	ἀνίλεως	despiadado
481	ἄνιπτος	sin lavar
482	ἀνίστημι	levantarse
483	Ἅννα	Ana
484	Ἅννας	Anás
485	ἀνόητος	necio
486	ἄνοια	necedad
487	ἀνοίγω	abrir
488	ἀνοικοδομέω	reedificar
489	ἄνοιξις	apertura
490	ἀνομία	iniquidad
491	ἄνομος	sin ley
492	ἀνόμως	sin ley
493	ἀνόνητος	inútil
494	ἀνορθόω	restaurar
495	ἀνόσιος	impío
496	ἀνοχή	tolerancia
497	ἀνταγωνίζομαι	luchar contra
498	ἀντάλλαγμα	a cambio
499	ἀνταναπληρόω	completar
500	ἀνταποδίδωμι	retribuir
501	ἀνταπόδομα	retribución
502	ἀνταπόδοσις	retribución
503	ἀνταποκρίνομαι	replicar
504	ἀντέχω	apegarse
505	ἀντί	a cambio de
506	ἀντιβάλλω	discutir
507	ἀντιδιατίθημι	oponerse
508	ἀντίδικος	adversario
509	ἀντίθεσις	oposición
510	ἀντικαθίστημι	resistir
511	ἀντικαλέω	invitar recíprocamente
512	ἀντίκειμαι	ser adversario
513	ἄντικρυς	frente a
514	ἀντιλαμβάνω	ayudar
515	ἀντιλέγω	contradecir
516	ἀντίλημψις	ayuda
517	ἀντιλογία	contradicción
518	ἀντιλοιδορέω	vengarse
519	ἀντίλυτρον	rescate
520	ἀντιμετρέω	volver a medir
521	ἀντιμισθία	retribución
522	Ἀντιόχεια	Antioquía
523	Ἀντιοχεύς	de Antioquía
524	ἀντιπαρέρχομαι	pasar por el otro lado
525	Ἀντιπᾶς	Antipas
526	Ἀντιπατρίς	Antípatris
527	ἀντιπέρα	al otro lado
528	ἀντιπίπτω	resistir
529	ἀντιστρατεύομαι	batallar contra
530	ἀντιτάσσω	oponerse
531	ἀντίτυπος	antitipo
532	ἀντίχριστος	anticristo
533	ἀντλέω	sacar
534	ἄντλημα	cubo
535	ἀντοφθαλμέω	dirigirse hacia
536	ἄνυδρος	árido
537	ἀνυπόκριτος	sincero
538	ἀνυπότακτος	rebelde
539	ἄνω	arriba
540	ἄνωθεν	de arriba
541	ἀνωτερικός	interior
542	ἀνώτερον	más alto
543	ἀνωφελής	sin provecho
544	ἀξίνη	hacha
545	ἄξιος	digno
546	ἀξιόω	considerar digno
547	ἀξίως	dignamente
548	ἀόρατος	invisible
550	ἀπαγγέλλω	anunciar
551	ἀπάγχω	ahorcar
552	ἀπάγω	llevar
553	ἀπαίδευτος	necio
554	ἀπαίρω	quitar
555	ἀπαιτέω	reclamar
556	ἀπαλγέω	perder toda sensibilidad
557	ἀπαλλάσσω	liberar
558	ἀπαλλοτριόω	ser excluido
559	ἁπαλός	tierno
560	ἀπαντάω	encontrarse
561	ἀπάντησις	encuentro
562	ἅπαξ	una vez
563	ἀπαράβατος	perpetuo
564	ἀπαρασκεύαστος	impreparado
565	ἀπαρνέομαι	negar
566	ἀπαρτί	exactamente
568	ἀπαρτισμός	consumación
569	ἀπαρχή	primicias
570	ἅπας	todo
571	ἀπασπάζομαι	despedirse
572	ἀπατάω	engañar
573	ἀπάτη	engaño
574	ἀπάτωρ	sin padre
575	ἀπαύγασμα	resplandor
576	ἀπαφρίζω	arrojar como espuma
577	ἀπείθεια	desobediencia
578	ἀπειθέω	desobedecer
579	ἀπειθής	desobediente
580	ἀπειλέω	amenazar
581	ἀπειλή	amenaza
582	ἄπειμι	estar ausente
583	ἄπειμι	irse
584	ἀπεῖπον	renunciar
585	ἀπείραστος	incapaz de ser tentado
586	ἄπειρος	inexperto
587	ἀπεκδέχομαι	aguardar ansiosamente
588	ἀπεκδύομαι	quitarse
589	ἀπέκδυσις	despojo
590	ἀπελαύνω	expulsar de
591	ἀπελεγμός	oprobio
592	ἀπελεύθερος	liberto
593	Ἀπελλῆς	Apeles
594	ἀπελπίζω	no esperar nada a cambio
595	ἀπέναντι	frente a
596	ἀπέραντος	interminable
597	ἀπερισπάστως	sin distracción
598	ἀπερίτμητος	incircunciso
599	ἀπέρχομαι	irse
600	ἀπέχω	recibir
601	ἀπιστέω	no creer
602	ἀπιστία	incredulidad
603	ἄπιστος	incrédulo
604	ἀπλόος	bueno
605	ἁπλότης	sencillez
606	ἁπλοῦς	sano
607	ἁπλῶς	generosamente
608	ἀπό	de
609	ἀποβαίνω	salir
610	ἀποβάλλω	desechar
611	ἀποβλέπω	mirar hacia adelante
612	ἀπόβλητος	rechazado
613	ἀποβολή	rechazo
614	ἀπογίνομαι	morir
615	ἀπογραφή	censo
616	ἀπογράφω	empadronar
617	ἀποδείκνυμι	mostrar
618	ἀπόδειξις	demostración
619	ἀποδεκατεύω	diezmar
620	ἀποδεκατόω	dar el diezmo
621	ἀπόδεκτος	aceptable
622	ἀποδέχομαι	acoger
623	ἀποδημέω	irse de viaje
624	ἀπόδημος	que se va de viaje
625	ἀποδίδωμι	dar
626	ἀποδιορίζω	dividir
627	ἀποδοκιμάζω	rechazar
628	ἀποδοχή	aceptación
629	ἀπόθεσις	remoción
630	ἀποθήκη	granero
631	ἀποθησαυρίζω	atesorar
632	ἀποθλίβω	oprimir
633	ἀποθνῄσκω	morir
634	ἀποκαθιστάνω	restaurar
635	ἀποκαθίστημι	restaurar
636	ἀποκαλύπτω	revelar
637	ἀποκάλυψις	revelación
638	ἀποκαραδοκία	ansiosa expectación
639	ἀποκαταλλάσσω	reconciliar
640	ἀποκατάστασις	restauración
641	ἀπόκειμαι	estar reservado
642	ἀποκεφαλίζω	decapitar
643	ἀποκλείω	cerrar
644	ἀποκόπτω	cortar
645	ἀπόκριμα	sentencia
646	ἀποκρίνομαι	responder
647	ἀπόκρισις	respuesta
648	ἀποκρύπτω	ocultar
649	ἀπόκρυφος	oculto
650	ἀποκτείνω	matar
651	ἀποκτέννω	matar
652	ἀποκυέω	dar a luz
653	ἀποκυλίω	remover
655	ἀπολαμβάνω	recibir
656	ἀπόλαυσις	goce
657	ἀπολείπω	dejar
658	ἀπολείχω	lamer
659	ἀπολιμπάνω	dejar
660	ἀπόλλυμι	destruir
661	Ἀπολλύων	Apolión
662	Ἀπολλωνία	Apolonia
663	Ἀπολλῶς	Apolos
664	ἀπολογέομαι	defenderse
665	ἀπολογία	defensa
666	ἀπολούω	lavar
667	ἀπολύτρωσις	redención
668	ἀπολύω	soltar
669	ἀπομάσσω	enjugar
671	ἀπονέμω	tratar con
672	ἀπονίπτω	lavar
673	ἀποπέμπω	enviar
674	ἀποπίπτω	caer
675	ἀποπλανάω	engañar
676	ἀποπλέω	zarpar de
677	ἀποπλύνω	lavar
678	ἀποπνίγω	ahogar
679	ἀπορέω	estar perplejo
680	ἀπορία	perplejidad
681	ἀπορίπτω	arrojarse
682	ἀπορφανίζω	dejar huérfano
683	ἀποσκευάζω	hacer los preparativos
684	ἀποσκίασμα	sombra
685	ἀποσπάω	arrancar
686	ἀποστασία	apostasía
687	ἀποστάσιον	divorcio
688	ἀποστάτης	apóstata
689	ἀποστεγάζω	descubrir
690	ἀποστέλλω	enviar
691	ἀποστερέω	defraudar
692	ἀποστολή	apostolado
693	ἀπόστολος	apóstol
694	ἀποστοματίζω	acosar con preguntas
695	ἀποστρέφω	apartarse de
696	ἀποστυγέω	aborrecer
697	ἀποσυνάγωγος	expulsado de la sinagoga
698	ἀποτάσσω	despedirse
699	ἀποτελέω	consumar
700	ἀποτίθημι	desechar
701	ἀποτινάσσω	sacudir
702	ἀποτίνω	pagar
703	ἀποτολμάω	atreverse
704	ἀποτομία	severidad
705	ἀποτόμως	duramente
706	ἀποτρέπω	evitar
707	ἀπουσία	ausencia
708	ἀποφέρω	llevarse
709	ἀποφεύγω	escapar
710	ἀποφθέγγομαι	declarar
711	ἀποφορτίζομαι	descargar
712	ἀπόχρησις	uso
713	ἀποχωρέω	apartarse
714	ἀποχωρίζω	separarse
715	ἀποψύχω	desfallecer
716	Ἄππιος	Apio
717	ἀπρόσιτος	inaccesible
718	ἀπρόσκοπος	irreprensible
719	ἀπροσωπολήμπτως	sin acepción de personas
720	ἄπταιστος	sin caída
721	ἅπτω	tocar
722	Ἀπφία	Apia
723	ἀπωθέω	rechazar
724	ἀπώλεια	perdición
725	ἀρά	maldición
726	ἄρα	entonces
727	ἆρα	acaso
728	Ἀραβία	Arabia
729	Ἄραβοι	árabes
730	Ἀράμ	Aram
731	ἄραφος	sin costura
732	Ἄραψ	árabe
733	ἀργέω	estar ocioso
734	ἀργός	ocioso
735	ἀργύρεος	de plata
736	ἀργύριον	plata
737	ἀργυροκόπος	platero
738	ἄργυρος	plata
739	ἀργυροῦς	de plata
740	ἄρειος	Areópago
741	Ἀρεοπαγίτης	Areopagita
742	ἀρεσκεία	complacencia
743	ἀρέσκω	agradar
744	ἀρεστός	agradable
745	Ἁρέτας	Aretas
746	ἀρετή	virtud
747	Ἀρηΐ	Arni
748	ἀρήν	cordero
749	ἀριθμέω	contar
750	ἀριθμός	número
751	Ἁριμαθαία	Arimatea
752	Ἀρίσταρχος	Aristarco
753	ἀριστάω	comer
754	ἀριστερός	izquierda
755	Ἀριστόβουλος	Aristóbulo
756	ἄριστον	comida
757	ἀρκετός	suficiente
758	ἀρκέω	contentarse
759	ἄρκος	oso
760	ἄρκτος	oso
761	ἅρμα	carro
762	Ἁρμαγεδών	Armagedón
764	ἁρμόζω	desposar
765	ἁρμός	coyuntura
766	ἀρνέομαι	negar
767	Ἀρνί	Arni
768	ἀρνίον	cordero
769	ἀροτριάω	arar
770	ἄροτρον	arado
771	ἁρπαγή	rapiña
772	ἁρπαγμός	algo a qué aferrarse
773	ἁρπάζω	arrebatar
774	ἅρπαξ	estafador
775	ἀρραβών	arras
776	ἄρρην	varón
777	ἄρρητος	inefable
779	ἄρρωστος	enfermo
780	ἀρσενοκοίτης	sodomita
781	ἄρσην	varón
782	Ἀρτεμᾶς	Artemas
783	Ἄρτεμις	Artemisa
784	ἀρτέμων	foque
785	ἄρτι	ahora
786	ἀρτιγέννητος	recién nacido
787	ἄρτιος	perfecto
788	ἄρτος	pan
789	ἀρτύω	sazonar
790	Ἀρφαξάδ	Arfaxad
791	ἀρχάγγελος	arcángel
792	ἀρχαῖος	antiguo
793	Ἀρχέλαος	Arquelao
794	ἀρχή	principio
795	ἀρχηγός	autor
796	ἀρχιερατικός	del sumo sacerdote
797	ἀρχιερεύς	sumo sacerdote
798	ἀρχιλῃστής	cabecilla de una rebelión
799	ἀρχιποίμην	Príncipe de los pastores
800	Ἄρχιππος	Arquipo
801	ἀρχισυνάγωγος	principal de la sinagoga
802	ἀρχιτέκτων	perito arquitecto
803	ἀρχιτελώνης	jefe de los publicanos
804	ἀρχιτρίκλινος	maestresala
806	ἄρχω	gobernar
807	ἄρχων	gobernante
808	ἄρωμα	especias
809	Ἀσά	Asa
810	ἀσάλευτος	inconmovible
811	Ἀσάφ	Asaf
812	ἄσβεστος	inextinguible
813	ἀσέβεια	impiedad
814	ἀσεβέω	practicar la impiedad
815	ἀσεβής	impío
816	ἀσέλγεια	lascivia
817	ἄσημος	insignificante
818	Ἀσήρ	Aser
819	ἀσθένεια	debilidad
820	ἀσθενέω	estar débil
821	ἀσθένημα	debilidad
822	ἀσθενής	débil
823	Ἀσία	Asia
824	Ἀσιανός	asiático
825	Ἀσιάρχης	asiarca
826	ἀσιτία	inanición
827	ἄσιτος	en ayunas
828	ἀσκέω	esforzarse
829	ἀσκός	odre
830	ἀσμένως	con agrado
831	ἄσοφος	insensato
832	ἀσπάζομαι	saludar
833	ἀσπασμός	saludo
834	ἄσπιλος	sin mancha
835	ἀσπίς	áspid
836	ἄσπονδος	implacable
837	ἀσσάριον	as
838	Ἀσσάρων	Asarón
839	ἆσσον	más cerca
840	Ἀσσος	Aso
841	ἀστατέω	no tener hogar
842	ἀστεῖος	hermoso
843	ἀστήρ	estrella
844	ἀστήρικτος	inconstante
845	ἄστοργος	sin afecto natural
846	ἀστοχέω	desviarse
847	ἀστραπή	relámpago
848	ἀστράπτω	relampaguear
849	ἄστρον	astro
850	Ἀσύγκριτος	Asíncrito
851	ἀσύμφωνος	discordante
852	ἀσύνετος	insensato
853	ἀσύνθετος	desleal
854	ἀσφάλεια	seguridad
855	ἀσφαλής	seguro
856	ἀσφαλίζω	asegurar
857	ἀσφαλῶς	con seguridad
858	ἀσχημονέω	obrar indebidamente
859	ἀσχημοσύνη	indecencia
860	ἀσχήμων	indecoroso
861	ἀσωτία	disolución
862	ἀσώτως	perdidamente
863	ἀτακτέω	andar desordenadamente
864	ἄτακτος	ocioso
865	ἀτάκτως	desordenadamente
866	ἄτεκνος	sin hijos
867	ἀτενίζω	mirar fijamente
868	ἄτερ	sin
869	ἀτιμάζω	deshonrar
870	ἀτιμάω	afrentar
871	ἀτιμία	deshonra
872	ἄτιμος	sin honra
873	ἀτιμόω	deshonrar
874	ἀτμίς	neblina
875	ἄτομος	en un instante
876	ἄτοπος	indebido
877	Ἀττάλεια	Atalia
878	αὐγάζω	ver
879	αὐγή	luz del día
880	Αὐγοῦστος	Augusto
881	αὐθάδης	soberbio
882	αὐθαίρετος	por propia iniciativa
883	αὐθεντέω	ejercer dominio sobre
884	αὐλέω	tocar la flauta
885	αὐλή	palacio
886	αὐλητής	flautista
887	αὐλίζομαι	pasar la noche
888	αὐλός	flauta
889	αὐξάνω	hacer crecer
890	αὔξησις	crecimiento
891	αὔξω	hacer crecer
892	αὔριον	mañana
893	αὐστηρός	severo
894	αὐτάρκεια	contentamiento
895	αὐτάρκης	contento
896	αὐτοκατάκριτος	condenado por sí mismo
897	αὐτόματος	por sí mismo
898	αὐτόπτης	testigo ocular
899	αὐτός	él
900	αὐτόφωρος	en el acto
901	αὐτόχειρ	con su propia mano
902	αὐχέω	jactarse
903	αὐχμηρός	oscuro
904	ἀφαιρέω	quitar
905	ἀφανής	oculto
906	ἀφανίζω	destruir
907	ἀφανισμός	desaparición
908	ἄφαντος	desapareciendo
909	ἀφεδρών	letrina
910	ἀφειδία	trato severo
911	ἀφελότης	sinceridad
912	ἄφεσις	perdón
913	ἁφή	ligamento
914	ἀφθαρσία	incorrupción
915	ἄφθαρτος	incorruptible
916	ἀφθονία	disposición
917	ἀφθορία	integridad
918	ἀφίημι	perdonar
919	ἀφικνέομαι	llegar
920	ἀφιλάγαθος	aborrecedor de lo bueno
921	ἀφιλάργυρος	sin avaricia
922	ἄφιξις	partida
923	ἀφίστημι	apartarse
924	ἄφνω	de repente
925	ἀφόβως	sin temor
926	ἀφομοιόω	ser semejante a
927	ἀφοράω	fijar la mirada
928	ἀφορίζω	separar
929	ἀφορμή	ocasión
930	ἀφρίζω	echar espuma
931	ἀφρός	espuma
932	ἀφροσύνη	necedad
933	ἄφρων	necio
934	ἀφυπνόω	dormirse
935	ἀφυστερέω	retener
936	ἄφωνος	mudo
937	Ἀχάζ	Acaz
938	Ἀχαία	Acaya
939	Ἀχαϊκός	Acaico
940	ἀχάριστος	ingrato
941	Ἀχάς	Acaz
942	ἀχειροποίητος	no hecho de manos
943	Ἀχίμ	Aquim
944	ἀχλύς	niebla
945	ἀχρεῖος	inútil
946	ἀχρειόω	hacerse inútil
947	ἄχρηστος	inútil
948	ἄχρι	hasta
949	ἄχυρον	paja
950	ἀψευδής	que no miente
951	ἀψίνθιον	ajenjo
952	ἄψινθος	Ajenjo
953	ἄψυχος	inanimado
954	β	beta
955	Βάαλ	Baal
956	Βαβυλών	Babilonia
957	βαθμός	grado
958	βάθος	profundidad
959	βαθύνω	ahondar
960	βαθύς	profundo
961	βάϊον	rama
962	Βαλαάμ	Balaam
963	Βαλάκ	Balac
964	βαλλάντιον	bolsa
965	βάλλω	echar
966	βαπτίζω	bautizar
967	βάπτισμα	bautismo
968	βαπτισμός	bautismo
969	βαπτιστής	Bautista
970	βάπτω	mojar
971	βάρ	hijo
972	Βαραββᾶς	Barrabás
973	Βαράκ	Barac
974	Βαραχίας	Berequías
975	βάρβαρος	bárbaro
976	βαρέω	estar cargado
977	βαρέως	con dificultad
978	Βαρθολομαῖος	Bartolomé
979	Βαριησοῦς	Barjesús
980	Βαριωνᾶ	hijo de Jonás
981	Βαριωνᾶς	hijo de Jonás
982	Βαρναβᾶς	Bernabé
983	βάρος	carga
984	Βαρσαββᾶς	Barsabás
985	Βαρτιμαῖος	Bartimeo
987	βαρύς	gravoso
988	βαρύτιμος	de gran precio
989	βασανίζω	atormentar
990	βασανισμός	tormento
991	βασανιστής	verdugo
992	βάσανος	tormento
993	βασιλεία	reino
994	βασίλειος	real
995	βασιλεύς	rey
996	βασιλεύω	reinar
997	βασιλικός	real
998	βασιλισ‚àöκος	reyezuelo
999	βασίλισσα	reina
1000	βάσις	pie
1001	βασκαίνω	fascinar
1002	βαστάζω	llevar
1003	βάτος	zarza
1004	βάτος	bato
1005	βάτραχος	rana
1006	βατταλογέω	balbucear
1007	βδέλυγμα	abominación
1008	βδελυκτός	abominable
1009	βδελύσσομαι	abominar
1010	βέβαιος	firme
1011	βεβαιόω	confirmar
1012	βεβαίωσις	confirmación
1013	βέβηλος	profano
1014	βεβηλόω	profanar
1015	Βεελζεβούλ	Beelzebú
1016	Βελιάρ	Belial
1017	βελόνη	aguja
1018	βέλος	saeta
1019	βελτίων	con conocimiento detallado
1021	Βενιαμίν	Benjamín
1022	Βερνίκη	Berenice
1023	Βέροια	Berea
1024	Βεροιαῖος	Bereano
1027	Βεώρ	Beor
1028	Βηθαβαρά	Betábara
1029	Βηθανία	Betania
1031	Βηθεσδά	Betesda
1032	Βηθζαθά	Betzatá
1033	Βηθλέεμ	Belén
1034	Βηθσαϊδά	Betsaida
1036	Βηθφαγή	Betfagé
1037	βῆμα	tribunal
1038	βηρεύς	Bereo
1039	βήρυλλος	berilo
1040	βία	violencia
1041	βιάζω	abrirse paso por la fuerza
1042	βίαιος	violento
1043	βιαστής	violento
1044	βιβλαρίδιον	librito
1046	βιβλίον	rollo
1047	βίβλος	libro
1048	βιβρώσκω	comer
1049	Βιθυνία	Bitinia
1050	βίος	vida
1051	βιόω	vivir
1052	βίωσις	manera de vivir
1053	βιωτικός	de esta vida
1054	βλαβερός	dañino
1055	βλάπτω	dañar
1056	βλαστάνω	brotar
1058	Βλάστος	Blasto
1059	βλασφημέω	blasfemar
1060	βλασφημία	blasfemia
1061	βλάσφημος	blasfemo
1062	βλέμμα	mirada
1063	βλέπω	ver
1064	βλητέος	debe ser puesto
1065	Βοανηργές	Boanerges
1066	βοάω	clamar
1067	Βόες	Booz
1068	βοή	clamor
1069	βοήθεια	ayuda
1070	βοηθέω	ayudar
1071	βοηθός	ayudador
1072	βόθρος	foso
1073	βόθυνος	foso
1074	βολή	lanzamiento
1075	βολίζω	sondar
1076	βολίς	dardo
1077	Βόοζ	Booz
1078	Βόος	Booz
1079	βόρβορος	cieno
1080	βορρᾶς	el norte
1081	βόσκω	apacentar
1082	Βοσόρ	Bosor
1083	βοτάνη	hierba
1084	βότρυς	racimo de uvas
1085	βουλευτής	miembro del concilio
1086	βουλεύω	planear
1087	βουλή	designio
1088	βούλημα	propósito
1089	βούλομαι	querer
1090	βουνός	colina
1091	βοῦς	buey
1092	βραβεῖον	premio
1093	βραβεύω	gobernar
1094	βραδύνω	retardar
1095	βραδυπλοέω	navegar lentamente
1096	βραδύς	lento
1097	βραδύτης	lentitud
1098	βραχίων	brazo
1099	βραχύς	pequeño
1100	βρέφος	bebé
1101	βρέχω	llover
1103	βροντή	trueno
1104	βροχή	lluvia
1105	βρόχος	lazo
1106	βρυγμός	crujir
1107	βρύχω	rechinar
1108	βρύω	manar
1109	βρῶμα	alimento
1110	βρώσιμος	comestible
1111	βρῶσις	comida
1112	βυθίζω	sumergir
1113	βυθός	alta mar
1114	βυρσεύς	curtidor
1115	βύσσινος	de lino fino
1116	βύσσος	lino fino
1117	βωμός	altar
1118	γ	letra del alfabeto griego
1119	Γαββαθᾶ	Gábata
1120	Γαβριήλ	Gabriel
1121	γάγγραινα	gangrena
1122	Γάδ	Gad
1123	Γαδαρηνός	gadareno
1124	Γάζα	Gaza
1125	γάζα	tesoro
1126	γαζοφυλάκιον	tesoro
1127	Γάϊος	Gayo
1128	γάλα	leche
1129	Γαλάτης	gálata
1130	Γαλατία	Galacia
1131	Γαλατικός	gálata
1132	γαλήνη	calma
1133	Γαλιλαία	Galilea
1134	Γαλιλαῖος	galileo
1135	Γαλλία	Galia
1136	Γαλλίων	Galión
1137	Γαμαλιήλ	Gamaliel
1138	γαμέω	casarse
1139	γαμίζω	dar en casamiento
1140	γαμίσκω	ser dado en casamiento
1141	γάμος	bodas
1142	γάρ	porque
1143	γαστήρ	vientre
1145	γε	ciertamente
1146	Γεδεών	Gedeón
1147	γέεννα	infierno
1149	Γεθσημανί	Getsemaní
1150	γείτων	vecino
1151	γελάω	reír
1152	γέλως	risa
1153	γεμίζω	llenar
1154	γέμω	estar lleno
1155	γενεά	generación
1156	γενεαλογέω	trazar genealogías
1157	γενεαλογία	genealogía
1159	γενέθλιος	cumpleaños
1160	γενέσια	cumpleaños
1161	γένεσις	nacimiento
1162	γενετή	nacimiento
1163	γένημα	fruto
1164	γεννάω	engendrar
1165	γέννημα	descendencia
1166	Γεννησαρέτ	Genesaret
1167	γέννησις	nacimiento
1168	γεννητός	los nacidos
1169	γένος	linaje
1170	Γερασηνός	geraseno
1171	Γεργεσηνός	gergeseno
1172	γερουσία	consejo de ancianos
1173	γέρων	anciano
1174	γεύομαι	gustar
1175	γεωργέω	cultivar
1176	γεώργιον	campo
1177	γεωργός	labrador
1178	γῆ	tierra
1179	γῆρας	vejez
1180	γηράσκω	envejecer
1181	γίνομαι	ser
1182	γινώσκω	conocer
1183	γλεῦκος	mosto
1184	γλυκύς	dulce
1185	γλῶσσα	lengua
1186	γλωσσόκομον	bolsa
1187	γναφεύς	lavador
1188	γνήσιος	genuino
1189	γνησίως	genuinamente
1190	γνόφος	oscuridad
1191	γνώμη	propósito
1192	γνωρίζω	dar a conocer
1193	γνώριμος	familiarizado con
1194	γνῶσις	conocimiento
1195	γνώστης	experto
1196	γνωστός	conocido
1197	γογγύζω	murmurar
1198	γογγυσμός	murmuración
1199	γογγυστής	murmurador
1200	γόης	impostor
1201	Γολγοθᾶ	Gólgota
1202	Γόμορρα	Gomorra
1203	γόμος	carga
1204	γονεύς	padres
1205	γόνυ	rodilla
1206	γονυπετέω	arrodillarse
1207	γράμμα	letra
1208	γραμματεύς	escriba
1209	γραπτός	escrito
1210	γραφή	Escritura
1211	γράφω	escribir
1212	γραώδης	fábula de viejas
1213	γρηγορέω	velar
1214	γυμνάζω	ejercitar
1215	γυμνασία	ejercicio
1216	γυμνητεύω	estar mal vestido
1217	γυμνιτεύω	andar con harapos
1218	γυμνός	desnudo
1219	γυμνότης	desnudez
1220	γυναικάριον	mujercilla
1221	γυναικεῖος	femenino
1222	γυνή	mujer
1223	Γώγ	Gog
1224	γωνία	esquina
1226	Δαβίδ	David
1227	δαιμονίζομαι	estar endemoniado
1228	δαιμόνιον	demonio
1229	δαιμονιώδης	diabólico
1230	δαίμων	demonio
1231	δάκνω	morder
1232	δάκρυον	lágrima
1233	δακρύω	llorar
1234	δακτύλιος	anillo
1235	δάκτυλος	dedo
1236	Δαλμανουθά	Dalmanuta
1237	Δαλματία	Dalmacia
1238	δαμάζω	domar
1239	δάμαλις	novilla
1240	Δάμαρις	Damaris
1241	Δαμασκηνός	damasceno
1242	Δαμασκός	Damasco
1243	Δάν	Dan
1244	δανείζω	prestar
1245	δάνειον	deuda
1246	δανειστής	prestamista
1247	δανίζω	prestar
1248	Δανιήλ	Daniel
1250	δανιστής	prestamista
1251	δαπανάω	gastar
1252	δαπάνη	gasto
1253	Δαυίδ	David
1254	δέ	pero
1255	δέησις	súplica
1256	δεῖ	es necesario
1257	δεῖγμα	ejemplo
1258	δειγματίζω	exponer a vergüenza pública
1259	δείκνυμι	mostrar
1260	δεικνύω	mostrar
1261	δειλία	cobardía
1262	δειλιάω	tener miedo
1264	δειλός	cobarde
1265	δεῖνα	cierto
1267	δεινῶς	terriblemente
1268	δειπνέω	cenar
1270	δεῖπνον	cena
1272	δεισιδαιμονία	religión
1273	δεισιδαίμων	religioso
1274	δέκα	diez
1275	δεκαδύο	doce
1277	δεκαοκτώ	dieciocho
1278	δεκαπέντε	quince
1279	Δεκάπολις	Decápolis
1280	δεκατέσσαρες	catorce
1281	δέκατος	décimo
1282	δεκατόω	diezmar
1283	δεκτός	aceptable
1284	δελεάζω	seducir
1285	δένδρον	árbol
1287	δεξιολάβος	lancero
1288	δεξιός	derecha
1289	δέομαι	orar
1290	δέος	temor
1291	Δερβαῖος	de Derbe
1292	Δέρβη	Derbe
1293	δέρμα	piel
1294	δερμάτινος	de cuero
1295	δέρρις	piel
1296	δέρω	golpear
1297	δεσμεύω	atar
1298	δεσμέω	atar
1299	δέσμη	haz
1300	δέσμιος	prisionero
1301	δεσμός	cadena
1302	δεσμοφύλαξ	carcelero
1303	δεσμωτήριον	cárcel
1304	δεσμώτης	preso
1305	δεσπότης	amo
1306	δεῦρο	ven
1307	δεῦτε	venid
1308	δευτεραῖος	al día siguiente
1309	δεύτερον	por segunda vez
1310	δευτερόπρωτος	segundo primero
1311	δεύτερος	segundo
1312	δέχομαι	acoger
1313	δέω	atar
1314	δή	ciertamente
1315	δηλαυγῶς	muy claramente
1316	δῆλος	claro
1317	δηλόω	manifestar
1318	Δημᾶς	Demas
1319	δημηγορέω	pronunciar un discurso
1320	Δημήτριος	Demetrio
1321	δημιουργός	constructor
1322	δῆμος	pueblo
1323	δημόσιος	público
1324	δηνάριον	denario
1325	δήποτε	cualquiera
1327	δήπου	sin duda
1328	διά	por
1329	διαβαίνω	atravesar
1330	διαβάλλω	calumniar
1331	διαβεβαιόομαι	aseverar
1332	διαβλέπω	ver claramente
1333	διάβολος	diabólico
1334	διαγγέλλω	proclamar
1335	διαγίνομαι	transcurrir
1336	διαγινώσκω	determinar
1337	διαγνωρίζω	informar con exactitud
1338	διάγνωσις	decisión
1339	διαγογγύζω	murmurar
1340	διαγρηγορέω	despertarse por completo
1341	διάγω	vivir
1342	διαδέχομαι	recibir
1343	διάδημα	diadema
1344	διαδίδωμι	distribuir
1345	διάδοχος	sucesor
1346	διαζώννυμι	ceñir
1347	διαθήκη	pacto
1348	διαίρεσις	diferencia
1349	διαιρέω	dividir
1350	διακαθαίρω	limpiar
1351	διακαθαρίζω	limpiar
1352	διακατελέγχομαι	refutar
1353	διακελεύω	ordenar
1354	διακονέω	servir
1355	διακονία	ministerio
1356	διάκονος	diácono
1357	διακόσιοι	doscientos
1358	διακούω	dar audiencia
1359	διακρίνω	distinguir
1360	διάκρισις	discernimiento
1361	διακωλύω	impedir
1362	διαλαλέω	hablar de
1363	διαλέγομαι	razonar
1364	διαλείπω	cesar
1365	διάλεκτος	lengua
1366	διαλιμπάνω	cesar
1367	διαλλάσσομαι	reconciliarse
1368	διαλογίζομαι	pensar
1369	διαλογισμός	pensamiento
1370	διαλύω	dispersar
1371	διαμαρτύρομαι	encargar solemnemente
1372	διαμάχομαι	contender
1373	διαμένω	permanecer
1374	διαμερίζω	dividir
1375	διαμερισμός	división
1376	διανέμω	difundirse
1377	διανεύω	hacer señas
1378	διανόημα	pensamiento
1379	διάνοια	mente
1380	διανοίγω	abrir
1381	διανυκτερεύω	pasar la noche
1382	διανύω	continuar
1383	διαπαντός	siempre
1384	διαπαρατριβή	fricción constante
1385	διαπεράω	atravesar
1386	διαπλέω	cruzar navegando
1387	διαπονέομαι	indignarse
1388	διαπορεύομαι	pasar por
1389	διαπορέω	estar perplejo
1390	διαπραγματεύομαι	ganar
1391	διαπρίω	enfurecerse
1392	διαρθρόω	rasgar
1393	διαρήσσω	romper
1395	διαρπάζω	saquear
1396	διαρρήγνυμι	rasgar
1397	διασαφέω	declarar
1398	διασείω	extorsionar
1399	διασκορπίζω	dispersar
1400	διασπάω	ser despedazado
1401	διασπείρω	dispersarse
1402	διασπορά	dispersión
1403	διαστέλλω	ordenar
1404	διάστημα	tiempo posterior
1405	διαστολή	diferencia
1406	διαστρέφω	pervertir
1407	διασῴζω	salvar
1408	διαταγή	disposición
1409	διάταγμα	edicto
1410	διαταράσσω	turbarse mucho
1411	διατάσσω	ordenar
1412	διατελέω	continuar
1413	διατηρέω	guardar
1414	διατί	¿por qué?
1416	διατίθημι	hacer un pacto
1417	διατρίβω	quedarse
1418	διατροφή	alimento
1419	διαυγάζω	amanecer
1420	διαυγής	transparente
1421	διαφανής	transparente
1422	διαφέρω	llevar
1423	διαφεύγω	escapar
1424	διαφημίζω	divulgar
1425	διαφθείρω	destruir
1426	διαφθορά	corrupción
1427	διάφορος	diferente
1428	διαφυλάσσω	guardar cuidadosamente
1429	διαχειρίζω	matar
1430	διαχλευάζω	burlarse de
1431	διαχωρίζω	separarse
1432	διγαμιά	segundas nupcias
1433	δίγαμος	dos veces casado
1434	διδακτικός	apto para enseñar
1435	διδακτός	enseñado
1436	διδασκαλία	doctrina
1437	διδάσκαλος	maestro
1438	διδάσκω	enseñar
1439	διδαχή	enseñanza
1440	δίδραχμον	didracma
1441	Δίδυμος	Dídimo
1442	διδῶ	doy
1443	δίδωμι	dar
1444	διεγείρω	levantarse
1445	διενθυμέομαι	pensar
1446	διεξέρχομαι	salir
1447	διέξοδος	salida
1448	διερμηνεία	interpretación
1449	διερμηνευτής	intérprete
1450	διερμηνεύω	interpretar
1451	διέρχομαι	pasar por
1452	διερωτάω	averiguar
1453	διετής	de dos años
1454	διετία	dos años
1455	διηγέομαι	relatar
1456	διήγησις	relato
1457	διηνεκής	para siempre
1458	διθάλασσος	banco de arena
1459	διϊκνέομαι	penetrar
1460	διίστημι	apartarse
1462	διϊσχυρίζομαι	afirmar
1464	δικαιοκρισία	juicio justo
1465	δίκαιος	justo
1466	δικαιοσύνη	justicia
1467	δικαιόω	justificar
1468	δικαίωμα	ordenanza
1469	δικαίως	justamente
1470	δικαίωσις	justificación
1471	δικαστής	juez
1472	δίκη	castigo
1473	δίκτυον	red
1474	δίλογος	insincero
1475	διό	por lo cual
1476	διοδεύω	recorrer
1477	Διονύσιος	Dionisio
1478	διόπερ	por lo cual
1479	διοπετής	caído del cielo
1480	διόρθωμα	reforma
1481	διόρθωσις	reforma
1482	διορύσσω	forzar la entrada
1483	Διόσκουροι	Dióscuros
1484	διότι	por tanto
1485	Διοτρέφης	Diótrefes
1486	διπλόος	doble
1487	διπλοῦς	doble
1488	διπλόω	duplicar
1489	δίς	dos veces
1490	δισμυριάς	veinte mil
1491	διστάζω	dudar
1492	δίστομος	de dos filos
1493	δισχίλιοι	dos mil
1494	διϋλίζω	colar
1495	διχάζω	dividir
1496	διχοστασία	disensión
1497	διχοτομέω	cortar en dos
1498	διψάω	tener sed
1499	δίψος	sed
1500	δίψυχος	de doble ánimo
1501	διωγμός	persecución
1502	διώκτης	perseguidor
1503	διώκω	perseguir
1504	δόγμα	decreto
1505	δογματίζω	someterse a preceptos
1506	δοκέω	pensar
1507	δοκιμάζω	probar
1508	δοκιμασία	prueba
1509	δοκιμή	carácter
1510	δοκίμιον	prueba
1511	δόκιμος	aprobado
1512	δοκός	viga
1513	δόλιος	engañoso
1514	δολιόω	engañar
1515	δόλος	engaño
1516	δολόω	adulterar
1517	δόμα	dádiva
1518	δόξα	gloria
1519	δοξάζω	glorificar
1520	Δορκάς	Dorcas
1521	δόσις	dádiva
1522	δότης	dador
1524	δουλαγωγέω	esclavizar
1525	δουλεία	esclavitud
1526	δουλεύω	servir
1527	δούλη	sierva
1528	δοῦλος	siervo
1529	δοῦλος	esclavizar
1530	δουλόω	esclavizar
1531	δοχή	banquete
1532	δράκων	dragón
1533	δράσσομαι	asir
1534	δραχμή	dracma
1535	δρέπανον	hoz
1536	δρόμος	carrera
1537	Δρούσιλλα	Drusila
1538	δύναμαι	poder
1539	δύναμις	poder
1540	δυναμόω	fortalecer
1541	δυνάστης	gobernante
1542	δυνατέω	poder
1543	δυνατός	posible
1544	δύνω	ponerse
1545	δύο	dos
1546	δυσβάστακτος	difícil de llevar
1548	δυσεντέριον	disentería
1549	δυσερμήνευτος	difícil de explicar
1550	δύσις	occidente
1551	δύσκολος	difícil
1552	δυσκόλως	difícilmente
1553	δυσμή	occidente
1554	δυσνόητος	difícil de entender
1555	δυσφημέω	ser difamado
1556	δυσφημία	mala fama
1557	δώδεκα	doce
1558	δωδέκατος	duodécimo
1559	δωδεκάφυλον	doce tribus
1560	δῶμα	azotea
1561	δωρεά	don
1562	δωρεάν	gratuitamente
1563	δωρέομαι	dar
1564	δώρημα	don
1565	δῶρον	ofrenda
1566	δωροφορία	la presentación de una ofrenda
1567	ε	épsilon
1568	ἔα	¡Ah!
1569	ἐάν	si
1570	ἐάνπερ	si
1571	ἑαυτοῦ	sí mismo
1572	ἐάω	dejar
1573	ἑβδομήκοντα	setenta
1574	ἑβδομηκοντάκις	setenta veces
1575	ἕβδομος	séptimo
1576	Ἕβερ	Heber
1577	Ἑβραϊκός	hebreo
1578	Ἑβραῖος	hebreo
1579	Ἑβραίς	arameo
1580	Ἑβραϊστί	en arameo
1581	ἐγγίζω	acercarse
1582	ἐγγράφω	inscribir
1583	ἔγγυος	fiador
1584	ἐγγύς	cerca
1585	ἐγγύτερον	más cerca
1586	ἐγείρω	levantarse
1587	ἔγερσις	resurrección
1588	ἐφκάθετος	espía
1589	ἐγκαίνια	Fiesta de la Dedicación
1590	ἐγκαινίζω	inaugurar
1591	ἐφκακέω	desmayar
1592	ἐγκαλέω	acusar
1593	ἐγκαταλείπω	abandonar
1594	ἐγκατοικέω	habitar entre
1595	ἐγκαυχάομαι	gloriarse
1596	ἐγκεντρίζω	injertar en
1597	ἐγκλείω	encerrar
1598	ἔγκλημα	acusación
1599	ἐγκομβόομαι	revestirse de
1600	ἐγκοπή	estorbo
1601	ἐγκόπτω	estorbar
1602	ἐγκράτεια	dominio propio
1603	ἐγκρατεύομαι	dominarse
1604	ἐγκρατής	templado
1605	ἐγκρίνω	clasificar
1606	ἐγκρύπτω	mezclar
1607	ἔγυος	encinta
1608	ἐγχρίω	ponerse
1609	ἐγώ	yo
1610	ἐδαφίζω	derribar a tierra
1611	ἔδαφος	suelo
1612	ἑδραῖος	firme
1613	ἑδραίωμα	fundamento
1614	Ἑζεκίας	Ezequías
1615	ἐθελοθρησκία	culto voluntario
1616	ἐθίζω	acostumbrarse
1617	ἐθνάρχης	gobernador
1618	ἐθνικός	pagano
1619	ἐθνικῶς	como gentil
1620	ἔθνος	gentil
1621	ἔθος	costumbre
1623	εἰ	si
1624	εἰδέα	apariencia
1625	εἶδον	ver
1626	εἶδος	forma
1627	εἰδωλεῖον	templo de los ídolos
1628	εἰδωλόθυτος	sacrificado a los ídolos
1629	εἰδωλολάτρης	idólatra
1630	εἰδωλολατρία	idolatría
1631	εἴδωλον	ídolo
1632	εἰκῇ	en vano
1633	εἴκοσι	veinte
1634	εἴκω	ceder
1635	εἰκών	imagen
1636	εἰλικρίνεια	sinceridad
1637	εἰλικρινής	puro
1638	εἰ μή	ciertamente
1639	εἰμί	ser
1640	εἶμι	ir
1641	εἵνεκεν	a causa de
1642	εἴπερ	si es que
1643	εἴπως	si en alguna manera
1644	εἰρηνεύω	vivir en paz
1645	εἰρήνη	paz
1646	εἰρηνικός	pacífico
1647	εἰρηνοποιέω	hacer la paz
1648	εἰρηνοποιός	pacificador
1650	εἰς	a
1651	εἱς	uno
1652	εἰσάγω	introducir
1653	εἰσακούω	ser oído
1654	εἰσδέχομαι	recibir
1655	εἴσειμι	entrar
1656	εἰσέρχομαι	entrar
1657	εἰσκαλέομαι	invitar a entrar
1658	εἴσοδος	entrada
1659	εἰσπηδάω	irrumpir
1660	εἰσπορεύομαι	entrar
1661	εἰστρέχω	entrar corriendo
1662	εἰσφέρω	introducir
1663	εἶτα	después
1664	εἴτε	si
1665	εἴωθα	tener por costumbre
1666	ἐκ	de
1667	ἕκαστος	cada uno
1668	ἑκάστοτε	siempre
1669	ἑκατόν	cien
1670	ἑκατονταετής	de cien años
1671	ἑκατονταπλασίων	cien veces
1672	ἑκατοντάρχης	centurión
1673	ἑκατόνταρχος	centurión
1674	ἐκβαίνω	salir
1675	ἐκβάλλω	echar fuera
1676	ἔκβασις	salida
1677	ἐκβλαστάνω	brotar
1678	ἐκβολή	expulsión
1679	ἐκγαμίζω	dar en casamiento
1681	ἔκγονος	nieto
1682	ἐκδαπανάω	gastarse por completo
1683	ἐκδέχομαι	esperar
1684	ἔκδηλος	evidente
1685	ἐκδημέω	estar ausente
1686	ἐκδίδωμι	arrendar
1687	ἐκδιηγέομαι	contar
1688	ἐκδικέω	vengar
1689	ἐκδίκησις	justicia
1690	ἔκδικος	vengador
1691	ἐκδιώκω	expulsar
1692	ἔκδοτος	entregado
1693	ἐκδοχή	expectación
1694	ἐκδύω	desnudar
1695	ἐκεῖ 	allí
1696	ἐκεῖθεν	de allí
1697	ἐκεῖνος	aquel
1698	ἐκεῖσε	allá
1699	ἐκζητέω	buscar
1700	ἐκζήτησις	controversia
1701	ἐκθαμβέω	espantarse
1702	ἔκθαμβος	espantado
1703	ἐκθαυμάζω	maravillarse
1704	ἔκθετος	expuesto
1705	ἐκκαθαίρω	limpiar
1706	ἐκκαίω	encenderse
1707	ἐκκακέω	desmayar
1708	ἐκκεντέω	traspasar
1709	ἐκκλάω	desgajarse
1710	ἐκκλείω	excluir
1711	ἐκκλησία	iglesia
1712	ἐκκλίνω	apartarse
1713	ἐκκολυμβάω	nadar
1714	ἐκκομίζω	sacar
1715	ἐκκοπή	estorbo
1716	ἐκκόπτω	cortar
1717	ἐκκρεμάννυμι	pender de
1718	ἐκλαλέω	decir
1719	ἐκλάμπω	resplandecer
1720	ἐκλανθάνομαι	olvidar
1721	ἐκλέγομαι	escoger
1722	ἐκλείπω	faltar
1723	ἐκλεκτός	escogido
1724	ἐκλογή	elección
1725	ἐκλύω	desmayar
1726	ἐκμάσσω	enjugar
1727	ἐκμυκτηρίζω	burlarse de
1728	ἐκνεύω	escabullirse
1729	ἐκνήφω	entrar en razón
1730	ἑκούσιος	voluntario
1731	ἑκουσίως	voluntariamente
1732	ἔκπαλαι	desde hace mucho
1733	ἐκπειράζω	tentar
1734	ἐκπέμπω	despedir
1735	ἐκπερισσῶς	sobremanera
1736	ἐκπετάννυμι	extender
1737	ἐκπηδάω	salir corriendo
1738	ἐκπίπτω	caer
1739	ἐκπλέω	zarpar
1740	ἐκπληρόω	cumplir
1741	ἐκπλήρωσις	cumplimiento
1742	ἐκπλήσσω	asombrarse
1743	ἐκπνέω	expirar
1744	ἐκπορεύομαι	salir
1745	ἐκπορνεύω	fornicar
1746	ἐκπτύω	despreciar
1747	ἐκπυρόω	incendiar
1748	ἐκριζόω	desarraigar
1749	ἔκστασις	asombro
1750	ἐκστρέφω	pervertirse
1751	ἐκσῴζω	poner a salvo
1752	ἐκταράσσω	alborotar
1753	ἐκτείνω	extender
1754	ἐκτελέω	terminar
1755	ἐκτένεια	fervor
1756	ἐκτενής	profundo
1757	ἐκτενῶς	profundamente
1758	ἐκτίθημι	explicar
1759	ἐκτινάσσω	sacudir
1760	ἐκτός	fuera
1761	ἕκτος	sexto
1762	ἐκτρέπω	apartarse
1763	ἐκτρέφω	alimentar
1764	ἔκτρομος	tembloroso
1765	ἔκτρωμα	abortivo
1766	ἐκφέρω	sacar
1767	ἐκφεύγω	escapar
1768	ἐκφοβέω	atemorizar
1769	ἔκφοβος	atemorizado
1770	ἐκφύω	brotar
1771	ἐκφωνέω	clamar
1772	ἐκχέω	derramar
1773	ἐκχύννομαι	derramarse
1774	ἐκχωρέω	salir
1775	ἐκψύχω	morir
1776	ἑκών	voluntariamente
1777	ἐλαία	olivo
1778	ἔλαιον	aceite de oliva
1779	ἐλαιών	olivar
1780	Ἐλαμίτης	elamita
1781	ἐλάσσων	menor
1782	ἐλαττονέω	carecer
1783	ἐλαττόω	hacer menor que
1784	ἐλάττων	menor
1785	ἐλαύνω	remar
1786	ἐλαφρία	ligereza
1787	ἐλαφρός	ligero
1788	ἐλάχιστος	menor
1789	Ἐλεάζαρ	Eleazar
1790	ἐλεάω	mostrar misericordia
1791	ἐλεγμός	reprensión
1792	ἔλεγξις	reprensión
1793	ἔλεγχος	certeza
1794	ἐλέγχω	exponer
1795	ἐλεεινός	digno de lástima
1796	ἐλεέω	tener misericordia de
1797	ἐλεημοσύνη	limosna
1798	ἐλεήμων	misericordioso
1799	ἔλεος	misericordia
1800	ἐλευθερία	libertad
1801	ἐλεύθερος	libre
1802	ἐλευθερόω	liberar
1803	ἔλευσις	venida
1804	ἐλεφάντινος	de marfil
1806	Ἐλιακίμ	Eliacim
1808	Ἐλιέζερ	Eliezer
1809	Ἐλιούδ	Eliud
1810	Ἐλισάβετ	Elisabet
1811	Ἐλισαῖος	Eliseo
1813	ἑλίσσω	enrollar
1814	ἕλκος	llaga
1815	ἑλκόω	estar cubierto de llagas
1816	ἑλκύω	arrastrar
1817	Ἑλλάς	Grecia
1818	Ἕλλην	griego
1819	Ἑλληνικός	griego
1820	Ἑλληνίς	griega
1821	Ἑλληνιστής	helenista
1822	Ἑλληνιστί	en griego
1823	ἐλλογάω	imputar
1824	ἐλλογέω	ser cargado a la cuenta
1825	Ἐλμαδάμ	Elmadam
1827	ἐλπίζω	esperar
1828	ἐλπίς	esperanza
1829	Ἐλύμας	Elimas
1830	ἐλωί	Dios mío
1831	ἐμαυτοῦ	mí mismo
1832	ἐμβαίνω	entrar en
1833	ἐμβάλλω	echar en
1834	ἐμβαπτίζω	mojar en
1835	ἐμβάπτω	mojar en
1836	ἐμβατεύω	explayarse en
1837	ἐμβιβάζω	embarcar
1838	ἐμβλέπω	mirar
1839	ἐμβριμάομαι	amonestar severamente
1840	ἐμέω	vomitar
1841	ἐμμαίνομαι	enfurecerse
1842	Ἐμμανουήλ	Emanuel
1843	Ἐμμαοῦς	Emaús
1844	ἐμμένω	permanecer en
1846	Ἑμμώρ	Hamor
1847	ἐμός	mi
1848	ἐμπαιγμονή	escarnio
1849	ἐμπαιγμός	burla
1850	ἐμπαίζω	burlarse
1851	ἐμπαίκτης	burlador
1852	ἐμπέμπω	enviar adentro
1853	ἐμπεριπατέω	andar entre
1856	ἐμπίμπρημι	llenar
1857	ἐμπιμπλάω	proveer
1858	ἐμπίπλημι	proveer
1859	ἐμπίμπρημι	quemar
1860	ἐμπίπτω	caer en
1861	ἐμπλέκω	enredarse en
1862	ἐμπλοκή	trenzado
1863	ἐμπνέω	respirar
1864	ἐμπορεύομαι	comerciar
1865	ἐμπορία	comercio
1866	ἐμπόριον	mercado
1867	ἔμπορος	mercader
1868	ἐμπρήθω	quemar
1869	ἔμπροσθεν	delante de
1870	ἐμπτύω	escupir en
1871	ἐμφανής	manifiesto
1872	ἐμφανίζω	mostrar
1873	ἔμφοβος	temeroso
1874	ἐμφυσάω	soplar sobre
1875	ἔμφυτος	implantado
1877	ἐν	en
1878	ἐναγκαλίζομαι	tomar en brazos
1879	ἐνάλιος	criatura marina
1880	ἐνάλλομαι	saltar sobre
1881	ἐνανθρωπέω	encarnarse
1882	ἔναντι	delante de
1883	ἐναντίον	delante de
1884	ἐναντιόομαι	oponerse
1885	ἐναντίος	contrario
1886	ἐναργής	claro
1887	ἐνάρχομαι	comenzar
1888	ἔνατος	noveno
1889	ἐναφίημι	dejar
1890	ἐνδεής	necesitado
1891	ἔνδειγμα	evidencia
1892	ἐνδείκνυμι	mostrar
1893	ἔνδειξις	demostración
1894	ἕνδεκα	once
1895	ἑνδέκατος	undécimo
1896	ἐνδέχομαι	es posible
1897	ἐνδημέω	estar en casa
1898	ἐνδιδύσκω	vestir
1899	ἔνδικος	justo
1900	ἐνδόμησις	construcción
1901	ἐνδοξάζομαι	ser glorificado
1902	ἔνδοξος	honorable
1903	ἔνδυμα	ropa
1904	ἐνδυναμόω	fortalecer
1905	ἐνδύνω	introducirse
1906	ἔνδυσις	vestirse
1907	ἐνδύω	vestir
1908	ἐνδώμησις	material
1909	ἐνέδρα	emboscada
1910	ἐνεδρεύω	acechar
1911	ἔνεδρον	emboscada
1912	ἐνειλέω	envolver
1913	ἔνειμι	estar dentro
1914	ἕνεκα	por causa de
1915	ἕνεκεν	por causa de
1916	ἐνενήκοντα	noventa
1917	ἐνεός	mudo
1918	ἐνέργεια	operación
1919	ἐνεργέω	obrar en
1920	ἐνέργημα	operación
1921	ἐνεργής	activo
1922	ἐνευλογέω	ser bendecido
1923	ἐνέχω	oponerse
1924	ἐνθάδε	aquí
1925	ἔνθεν	de aquí
1926	ἐνθυμέομαι	considerar
1927	ἐνθύμησις	pensamiento
1928	ἔνι	hay
1929	ἐνιαυτός	año
1930	ἐνίοτε	a veces
1931	ἐνίστημι	estar presente
1932	ἐνισχύω	fortalecer
1933	ἐννέα	nueve
1934	ἐννεός	mudo
1935	ἐννεύω	hacer señas
1936	ἔννοια	actitud
1937	ἔννομος	bajo la ley
1938	ἐννόμως	conforme a la ley
1939	ἔννυχος	aún de noche
1940	ἐνοικέω	morar en
1941	ἐνορκίζω	adjurar
1942	ἑνότης	unidad
1943	ἐνοχλέω	molestar
1944	ἔνοχος	sujeto a
1945	ἔνταλμα	mandamiento
1946	ἐνταφιάζω	preparar para la sepultura
1947	ἐνταφιασμός	preparación para la sepultura
1948	ἐντέλλω	mandar
1949	ἐντεῦθεν	de aquí
1950	ἔντευξις	intercesión
1951	ἐντίθημι	poner en
1952	ἔντιμος	muy valioso
1953	ἐντολή	mandamiento
1954	ἐντόπιος	nativo
1955	ἐντός	dentro
1956	ἐντρέπω	avergonzar
1957	ἐντρέφω	criarse
1958	ἔντρομος	tembloroso
1959	ἐντροπή	vergüenza
1960	ἐντρυφάω	regodearse
1961	ἐντυγχάνω	interceder
1962	ἐντυλίσσω	envolver
1963	ἐντυπόω	ser grabado
1964	ἐνυβρίζω	insultar
1965	ἐνυπνιάζομαι	soñar
1966	ἐνύπνιον	sueño
1967	ἐνώπιον	delante de
1968	Ἐνώς	Enós
1969	ἐνωτίζομαι	escuchar atentamente
1970	Ἑνώχ	Enoc
1971	ἕξ	seis
1972	ἐξαγγέλλω	proclamar
1973	ἐξαγοράζω	redimir
1974	ἐξάγω	sacar
1975	ἐξαιρέω	arrancar
1976	ἐξαίρω	expulsar
1977	ἐξαιτέω	pedir
1978	ἐξαίφνης	de repente
1979	ἐξακολουθέω	seguir
1980	ἑξακόσιοι	seiscientos
1981	ἐξαλείφω	enjugar
1982	ἐξάλλομαι	saltar
1983	ἐξανάστασις	resurrección
1984	ἐξανατέλλω	brotar
1985	ἐξανίστημι	dar descendencia
1986	ἐξανοίγω	abrir de par en par
1987	ἐξαπατάω	engañar
1988	ἐξάπινα	de repente
1989	ἐξαπορέω	desesperar
1990	ἐξαποστέλλω	enviar
1991	ἐξαρτάω	estar ligado a
1992	ἐξαρτίζω	completar
1993	ἐξαστράπτω	relampaguear
1994	ἐξαυτῆς	en seguida
1995	ἐξεγείρω	levantar
1996	ἔξειμι	salir
1997	ἔξειμι	es lícito
1998	ἐξελέγχω	convencer
1999	ἐξέλκω	ser arrastrado
2000	ἐξέραμα	vómito
2001	ἐξεραυνάω	escudriñar
2002	ἐξέρχομαι	salir
2003	ἔξεστιν	es lícito
2004	ἐξετάζω	examinar
2006	ἐξέχω	sobresalir
2007	ἐξηγέομαι	relatar
2008	ἑξήκοντα	sesenta
2009	ἑξῆς	siguiente
2010	ἐξηχέω	resonar
2011	ἕξις	uso constante
2014	ἐξίστημι	asombrar
2015	ἐξισχύω	tener poder
2016	ἔξοδος	éxodo
2017	ἐξολεθρεύω	ser exterminado
2018	ἐξομολογέομαι	consentir
2019	ἐξορκίζω	conjurar
2020	ἐξορκιστής	exorcista
2021	ἐξορύσσω	horadar
2022	ἐξουδενέω	ser menospreciado
2023	ἐξουδενόω	ser menospreciado
2024	ἐξουθενέω	menospreciar
2025	ἐξουθενόω	menospreciar
2026	ἐξουσία	autoridad
2027	ἐξουσιάζω	tener potestad sobre
2028	ἐξουσιαστικός	con autoridad
2029	ἐξοχή	principal
2030	ἐξυπνίζω	despertar
2031	ἔξυπνος	despierto
2032	ἔξω	fuera
2033	ἔξωθεν	desde fuera
2034	ἐξωθέω	expulsar
2035	ἐξώτερος	exterior
2036	ἔοικα	ser semejante
2037	ἑορτάζω	celebrar una fiesta
2038	ἑορτή	fiesta
2039	ἐπαγγελία	promesa
2040	ἐπαγγέλλομαι	prometer
2041	ἐπάγγελμα	promesa
2042	ἐπάγω	acarrear
2043	ἐπαγωνίζομαι	contender
2044	ἐπαθροίζω	aumentar
2045	Ἐπαίνετος	Epéneto
2046	ἐπαινέω	alabar
2047	ἔπαινος	alabanza
2048	ἐπαίρω	alzar
2049	ἐπαισχύνομαι	avergonzarse de
2050	ἐπαιτέω	mendigar
2051	ἐπακολουθέω	seguir
2052	ἐπακούω	oír
2053	ἐπακροάομαι	escuchar
2054	ἐπάν	cuando
2055	ἐπάναγκες	necesariamente
2056	ἐπανάγω	zarpar
2057	ἐπαναμιμνῄσκω	recordar de nuevo
2058	ἐπαναπαύομαι	descansar en
2059	ἐπανέρχομαι	volver
2060	ἐπανίστημι	rebelarse contra
2061	ἐπανόρθωσις	corrección
2062	ἐπάνω	encima
2063	ἐπάρατος	maldito
2064	ἐπαρκέω	ayudar
2065	ἐπαρχεία	provincia
2066	ἐπάρχειος	del eparca
2067	ἐπαρχικός	eparquial
2068	ἔπαυλις	morada
2069	ἐπαύριον	el día siguiente
2070	ἐπαυτόφώρως	en el acto
2071	Ἐπαφρᾶς	Epafras
2072	ἐπαφρίζω	hacer espuma
2073	Ἐπαφρόδιτος	Epafrodito
2074	ἐπεγείρω	suscitar
2075	ἐπεί	puesto que
2076	ἐπειδή	cuando
2077	ἐπειδήπερ	por cuanto
2078	ἐπεῖδον	favorecer
2079	ἔπειμι	el día siguiente
2080	ἐπείπερ	puesto que
2081	ἐπεισαγωγή	introducción
2082	ἐπεισέρχομαι	entrar
2083	ἔπειτα	luego
2084	ἐπέκεινα	más allá
2085	ἐπεκτείνομαι	extenderse hacia
2086	ἐπενδύομαι	revestirse de
2087	ἐπενδύτης	manto
2088	ἐπέρχομαι	venir
2089	ἐπερωτάω	preguntar
2090	ἐπερώτημα	compromiso
2091	ἐπέχω	mantener
2092	ἐπηρεάζω	maltratar
2093	ἐπί	sobre
2094	ἐπιβαίνω	subir
2095	ἐπιβάλλω	echar sobre
2096	ἐπιβαρέω	gravar
2097	ἐπιβιβάζω	embarcar
2098	ἐπιβλέπω	mirar
2099	ἐπίβλημα	remiendo
2100	ἐπιβοάω	gritar
2101	ἐπιβουλή	complot
2102	ἐπιγαμβρεύω	casarse
2103	ἐπίγειος	terrenal
2104	ἐπιγίνομαι	sobrevenir
2105	ἐπιγινώσκω	conocer
2106	ἐπίγνωσις	conocimiento
2107	ἐπιγραφή	inscripción
2108	ἐπιγράφω	inscribir
2109	ἐπιδείκνυμι	mostrar
2110	ἐπιδέχομαι	recibir
2111	ἐπιδημέω	estar de visita
2112	ἐπιδιατάσσομαι	añadir
2113	ἐπιδίδωμι	dar
2114	ἐπιδιορθόω	corregir
2115	ἐπιδύω	ponerse
2116	ἐπιείκεια	benignidad
2117	ἐπιεικής	amable
2118	ἐπιζητέω	buscar
2119	ἐπιθανάτιος	condenado a muerte
2120	ἐπίθεσις	imposición
2121	ἐπιθυμέω	desear
2122	ἐπιθυμητής	codicioso
2123	ἐπιθυμία	deseo
2124	ἐπιθύω	sacrificar
2125	ἐπικαθίζω	sentarse
2126	ἐπικαλέω	invocar
2127	ἐπικάλυμμα	pretexto
2128	ἐπικαλύπτω	cubrir
2129	ἐπικατάρατος	maldito
2130	ἐπίκειμαι	estar sobre
2131	ἐπικέλλω	encallar
2132	ἐπικερδαίνω	ganar además
2133	ἐπικεφάλαιον	tributo
2134	Ἐπικούρειος	Epicúreo
2135	ἐπικουρία	auxilio
2136	ἐπικράζω	vociferar
2137	ἐπικρίνω	decidir
2138	ἐπιλαμβάνομαι	asir
2139	ἐπιλάμπω	resplandecer
2140	ἐπιλανθάνομαι	olvidar
2141	ἐπιλέγω	llamarse
2142	ἐπιλείπω	faltar
2143	ἐπιλείχω	lamer
2144	ἐπιλησμονή	olvido
2145	ἐπίλοιπος	restante
2146	ἐπίλυσις	interpretación
2147	ἐπιλύω	explicar
2148	ἐπιμαρτυρέω	testificar que
2149	ἐπιμέλεια	necesidades
2150	ἐπιμελέομαι	cuidar de
2151	ἐπιμελῶς	cuidadosamente
2152	ἐπιμένω	permanecer
2153	ἐπινεύω	aceptar
2154	ἐπίνοια	pensamiento
2155	ἐπιορκέω	perjurar
2156	ἐπίορκος	perjuro
2157	ἐπιούσιος	cotidiano
2158	ἐπιπίπτω	caer sobre
2159	ἐπιπλήσσω	reprender
2160	ἐπιποθέω	anhelar
2161	ἐπιπόθησις	anhelo
2162	ἐπιπόθητος	anhelado
2163	ἐπιποθία	anhelo
2164	ἐπιπορεύομαι	venir a
2165	ἐπιράπτω	coser
2166	ἐπιρίπτω	echar sobre
2167	ἐπισείω	incitar
2168	ἐπίσημος	notorio
2169	ἐπισιτισμός	alimento
2170	ἐπισκέπτομαι	visitar
2171	ἐπισκευάζομαι	prepararse
2172	ἐπισκηνόω	reposar sobre
2173	ἐπισκιάζω	hacer sombra
2174	ἐπισκοπέω	velar por
2175	ἐπισκοπή	visitación
2176	ἐπίσκοπος	obispo
2177	ἐπισπάομαι	ocultar la circuncisión
2178	ἐπισπείρω	sembrar después
2179	ἐπίσταμαι	entender
2180	ἐπίστασις	agitación
2181	ἐπιστάτης	maestro
2182	ἐπιστέλλω	escribir una carta
2183	ἐπιστήμη	entendimiento
2184	ἐπιστήμων	entendido
2185	ἐπιστηρίζω	confirmar
2186	ἐπιστολή	carta
2187	ἐπιστομίζω	silenciar
2188	ἐπιστρέφω	volver
2189	ἐπιστροφή	conversión
2190	ἐπισυνάγω	reunir
2191	ἐπισυναγωγή	reunión
2192	ἐπισυντρέχω	acudir corriendo
2193	ἐπισυρράπτο	coser
2194	ἐπισύστασις	sublevación
2195	ἐπισφαλής	peligroso
2196	ἐπισχύω	insistir
2197	ἐπισωρεύω	amontonar
2198	ἐπιταγή	mandato
2199	ἐπιτάσσω	mandar
2200	ἐπιτελέω	terminar
2201	ἐπιτήδειος	necesario
2202	ἐπιτίθημι	poner
2203	ἐπιτιμάω	reprender
2204	ἐπιτιμία	castigo
2205	ἐπιτρέπω	permitir
2206	ἐπιτροπεύω	gobernar
2207	ἐπιτροπή	comisión
2208	ἐπίτροπος	capataz
2209	ἐπιτυγχάνω	alcanzar
2210	ἐπιφαίνω	aparecer
2211	ἐπιφάνεια	manifestación
2212	ἐπιφανής	glorioso
2213	ἐπιφαύσκω	alumbrar
2214	ἐπιφέρω	acarrear
2215	ἐπιφωνέω	gritar
2216	ἐπιφώσκω	amanecer
2217	ἐπιχειρέω	intentar
2218	ἐπιχείρησις	intento
2219	ἐπιχέω	derramar
2220	ἐπιχορηγέω	proveer
2221	ἐπιχορηγία	provisión
2222	ἐπιχρίω	ungir
2223	ἐπιψαύω	tocar
2224	ἐποικοδομέω	edificar
2225	ἐποκέλλω	encallar
2226	ἐπονομάζω	ser llamado
2227	ἐποπτεύω	observar
2228	ἐπόπτης	testigo ocular
2229	ἔπος	palabra
2230	ἐπουράνιος	celestial
2231	ἑπτά	siete
2232	ἑπτάκις	siete veces
2233	ἑπτακισχίλιοι	siete mil
2234	ἑπταπλασίων	siete veces
2235	Ἔραστος	Erasto
2236	ἐραυνάω	escudriñar
2237	ἐργάζομαι	trabajar
2238	ἐργασία	oficio
2239	ἐργάτης	obrero
2240	ἔργον	obra
2241	ἐρεθίζω	provocar
2242	ἐρείδω	clavarse
2243	ἐρεύγομαι	proferir
2244	ἐρημία	desierto
2245	ἔρημος	desierto
2246	ἐρημόω	desolar
2247	ἐρήμωσις	desolación
2248	ἐρίζω	disputar
2249	ἐριθεία	ambición egoísta
2250	ἔριον	lana
2251	ἔρις	contienda
2252	ἐρίφιον	cabrito
2253	ἔριφος	cabrito
2254	Ἑρμᾶς	Hermas
2255	ἑρμηνεία	interpretación
2256	ἑρμηνευτής	intérprete
2257	ἑρμηνεύω	interpretar
2258	Ἑρμῆς	Hermes
2259	Ἑρμογένης	Hermógenes
2260	ἑρπετόν	reptil
2261	ἐρυθρός	rojo
2262	ἔρχομαι	venir
2263	ἐρωτάω	preguntar
2264	ἐσθής	vestidura
2265	ἔσθησις	gobierno
2266	ἐσθίω	comer
2267	ἔσθω	comer
2268	Ἑσλί	Esli
2269	ἔσοπτρον	espejo
2270	ἑσπέρα	tarde
2271	ἑσπερινός	vespertino
2272	Ἑσρώμ	Hezrón
2273	ἐσσόομαι	ser inferior
2274	ἔσχατος	último
2275	ἐσχάτως	finalmente
2276	ἔσω	dentro
2277	ἔσωθεν	desde dentro
2278	ἐσώτερος	interior
2279	ἑταῖρος	amigo
2280	ἑτερόγλωσσος	de lengua extranjera
2281	ἑτεροδιδασκαλέω	enseñar falsa doctrina
2282	ἑτεροζυγέω	unirse en yugo desigual
2283	ἕτερος	otro
2284	ἑτέρως	de otro modo
2285	ἔτι	aún
2286	ἑτοιμάζω	preparar
2288	ἑτοιμασία	apresto
2289	ἕτοιμος	preparado
2290	ἑτοίμως	prontamente
2291	ἔτος	año
2292	εὖ	bien
2293	Εὕα	Eva
2294	εὐαγγελίζω	evangelizar
2295	εὐαγγέλιον	evangelio
2296	εὐαγγελιστής	evangelista
2297	εὐαρεστέω	agradar
2298	εὐάρεστος	agradable
2299	εὐαρέστως	agradablemente
2300	Εὔβουλος	Eubulo
2301	εὖγε	bien
2302	εὐγενής	noble
2303	εὐγλωττία	elocuencia
2304	εὐδία	buen tiempo
2305	εὐδοκέω	complacerse
2306	εὐδοκία	buena voluntad
2307	εὐεργεσία	beneficio
2308	εὐεργετέω	hacer bien
2309	εὐεργέτης	benefactor
2310	εὔθετος	apto
2311	εὐθέως	en seguida
2312	εὐθυδρομέω	navegar directamente
2313	εὐθυμέω	tener buen ánimo
2314	εὔθυμος	de buen ánimo
2315	εὐθύμως	con buen ánimo
2316	εὐθύνω	enderezar
2317	εὐθύς	inmediatamente
2318	εὐθύς	recto
2319	εὐθύτης	rectitud
2320	εὐκαιρέω	tener oportunidad
2321	εὐκαιρία	oportunidad
2322	εὔκαιρος	oportuno
2323	εὐκαίρως	a tiempo
2324	εὔκοπος	fácil
2325	εὐλάβεια	reverencia
2326	εὐλαβέομαι	tener temor reverente
2327	εὐλαβής	piadoso
2328	εὐλογέω	bendecir
2329	εὐλογητός	bendito
2330	εὐλογία	bendición
2331	εὐμετάδοτος	dadivoso
2332	Εὐνίκη	Eunice
2333	εὐνοέω	ponerse de acuerdo
2334	εὔνοια	buena voluntad
2335	εὐνουχίζω	castrar
2336	εὐνοῦχος	eunuco
2337	Εὐοδία	Evodia
2338	εὐοδόω	prosperar
2339	εὐπάρεδρος	consagrado
2340	εὐπειθής	dócil
2341	εὐπερισπαστος	que distrae fácilmente
2342	εὐπερίστατος	que enreda fácilmente
2343	εὐποιία	hacer el bien
2344	εὐπορέω	tener medios
2345	εὐπορία	prosperidad
2346	εὐπρέπεια	belleza
2347	εὐπρόσδεκτος	aceptable
2348	εὐπρόσεδρος	constante
2349	εὐπροσωπέω	dar buena impresión
2350	εὐρακύλων	Euroaquilo
2351	εὑρίσκω	encontrar
2352	εὐρακύλων	viento del sureste
2353	εὐρύχωρος	espacioso
2354	εὐσέβεια	piedad
2355	εὐσεβέω	adorar
2356	εὐσεβής	piadoso
2357	εὐσεβῶς	piadosamente
2358	εὔσημος	inteligible
2359	εὔσπλαγχνος	compasivo
2360	εὐσχημονέω	comportarse decorosamente
2361	εὐσχημόνως	decentemente
2362	εὐσχημοσύνη	modestia
2363	εὐσχήμων	presentable
2364	εὐτόνως	vehementemente
2365	εὐτραπελία	bromas groseras
2366	Εὔτυχος	Eutico
2367	εὐφημία	buena fama
2368	εὔφημος	admirable
2369	εὐφορέω	producir buena cosecha
2370	εὐφραίνω	alegrar
2371	Εὐφράτης	Éufrates
2372	εὐφροσύνη	gozo
2373	εὐχαριστέω	dar gracias
2374	εὐχαριστία	acción de gracias
2375	εὐχάριστος	agradecido
2376	εὐχή	voto
2377	εὔχομαι	orar por
2378	εὔχρηστος	útil
2379	εὐψυχέω	estar de buen ánimo
2380	εὐωδία	olor fragante
2381	εὐώνυμος	izquierdo
2382	εὐωχία	banquete
2383	ἐφάλλομαι	abalanzarse sobre
2384	ἐφάπαξ	de una vez para siempre
2385	Ἐφεσῖνος	Efesino
2386	Ἐφέσιος	Efesio
2387	Ἔφεσος	Éfeso
2388	ἐφευρετής	inventor
2389	ἐφημερία	orden
2390	ἐφήμερος	diario
2391	ἐφικνέομαι	llegar
2392	ἐφίστημι	acercarse
2393	ἐφοράω	contemplar
2394	Ἐφραίμ	Efraín
2395	ἐφφαθά	Efatá
2396	ἐχθές	ayer
2397	ἔχθρα	enemistad
2398	ἐχθρός	enemigo
2399	ἔχιδνα	víbora
2400	ἔχω	tener
2401	ἕως	hasta
2404	Ζαβουλών	Zabulón
2405	Ζακχαῖος	Zaqueo
2406	Ζάρα	Zara
2408	Ζαχαρίας	Zacarías
2409	ζάω	vivir
2411	Ζεβεδαῖος	Zebedeo
2412	ζεστός	caliente
2413	ζεύγνυμι	unir
2414	ζεῦγος	yunta
2415	ζευκτηρία	cuerda
2416	Ζεύς	Zeus
2417	ζέω	arder
2418	ζηλεύω	celar
2419	ζῆλος	celo
2420	ζηλόω	desear
2421	ζηλωτής	Zelote
2422	ζημία	pérdida
2423	ζημιόω	perder
2424	Ζηνᾶς	Zenás
2426	ζητέω	buscar
2427	ζήτημα	cuestión
2428	ζήτησις	disputa
2429	ζιζάνιον	cizaña
2431	Ζοροβαβέλ	Zorobabel
2432	ζόφος	tinieblas
2433	ζυγός	yugo
2434	ζύμη	levadura
2435	ζυμόω	leudar
2436	ζωγρέω	capturar
2437	ζωή	vida
2438	ζώνη	cinto
2439	ζώννυμι	ceñir
2440	ζωννύω	ceñir
2441	ζῳογονέω	dar vida
2442	ζῷον	ser viviente
2443	ζῳοποιέω	vivificar
2445	ἤ	o...o
2446	ἦ	verdaderamente
2448	ἡγεμονεύω	gobernar
2449	ἡγεμονία	gobierno
2450	ἡγεμών	gobernador
2451	ἡγέομαι	guiar
2452	ἡδέως	con gusto
2453	ἤδη	ya
2454	ἡδονή	placer
2455	ἡδύοσμον	menta
2456	ἦθος	costumbre
2457	ἥκω	venir
2458	ἠλί	Dios mío
2459	Ἠλί	Elí
2460	Ἠλίας	Elías
2461	ἡλικία	edad
2462	ἡλίκος	cuánto
2463	ἥλιος	sol
2464	ἧλος	clavo
2465	ἡμέρα	día
2466	ἡμέτερος	nuestro
2467	ἡμιθανής	medio muerto
2468	ἥμισυς	mitad
2469	ἡμιώριον	media hora
2471	ἡνίκα	cuando
2472	ἤπερ	que
2473	ἤπιος	amable
2474	Ἤρ	Er
2475	ἤρεμος	pacífico
2476	Ἡρῴδης	Herodes
2477	Ἡρῳδιανοί	herodianos
2478	Ἡρῳδιάς	Herodías
2479	Ἡρῳδίων	Herodión
2480	Ἠσαίας	Isaías
2481	Ἠσαῦ	Esaú
2482	ἥσσων	peor
2483	ἡσυχάζω	callar
2484	ἡσυχία	quietud
2485	ἡσύχιος	quieto
2486	ἤτοι	ya sea... o
2487	ἡττάομαι	ser vencido
2488	ἥττημα	pérdida
2489	ἥττων	peor
2490	ἠχέω	resonar
2491	ἦχος	sonido
2492	ἦχος	sonido
2496	θάβιτα	niña
2497	Θαδδαῖος	Tadeo
2498	θάλασσα	mar
2499	θάλπω	cuidar
2500	Θαμάρ	Tamar
2501	θαμβέω	asombrarse
2502	θάμβος	asombro
2503	θανάσιμος	mortal
2504	θανατηφόρος	mortífero
2505	θάνατος	muerte
2506	θανατόω	dar muerte
2507	θάπτω	sepultar
2508	Θάρα	Taré
2509	θαρρέω	tener confianza
2510	θαρσέω	¡Tened ánimo!
2511	θάρσος	ánimo
2512	θαῦμα	maravilla
2513	θαυμάζω	maravillarse
2514	θαυμάσιος	maravilloso
2515	θαυμαστός	maravilloso
2516	θεά	diosa
2517	θεάομαι	ver
2518	θεατρίζω	exponer públicamente
2519	θέατρον	teatro
2520	θεῖον	azufre
2521	θεῖος	divino
2522	θειότης	divinidad
2523	θειώδης	sulfuroso
2524	θέκλα	Tecla
2525	θέλημα	voluntad
2526	θέλησις	voluntad
2527	θέλω	querer
2528	θεμέλιον	fundamento
2529	θεμέλιος	fundamento
2530	θεμελιόω	cimentar
2531	θεοδίδακτος	enseñado por Dios
2532	θεολόγος	teólogo
2533	θεομαχέω	luchar contra Dios
2534	θεομάχος	que lucha contra Dios
2535	θεόπνευστος	inspirado por Dios
2536	θεός	Dios
2537	θεοσέβεια	adoración de Dios
2538	θεοσεβής	temeroso de Dios
2539	θεοστυγής	aborrecedor de Dios
2540	θεότης	deidad
2541	Θεόφιλος	Teófilo
2542	θεραπεία	servicio
2543	θεραπεύω	servir
2544	θεράπων	siervo
2545	θερίζω	segar
2546	θερισμός	siega
2547	θεριστής	segador
2548	θερμαίνω	calentarse
2549	θέρμη	calor
2550	θέρος	verano
2551	θεσσαλία	Tesalia
2552	Θεσσαλονικεύς	Tesalonicense
2553	Θεσσαλονίκη	Tesalónica
2554	Θευδᾶς	Teudas
2555	θεωρέω	ver
2556	θεωρία	espectáculo
2557	θήκη	vaina
2558	θηλάζω	amamantar
2559	θῆλυς	hembra
2560	θήρα	trampa
2561	θηρεύω	cazar
2562	θηριομαχέω	luchar contra fieras
2563	θηρίον	bestia
2564	θησαυρίζω	atesorar
2565	θησαυρός	tesoro
2566	θιγγάνω	tocar
2567	θλίβω	oprimir
2568	θλῖψις	tribulación
2569	θνῄσκω	morir
2570	θνητός	mortal
2571	θορυβάζω	turbarse
2572	θορυβέω	alborotar
2573	θόρυβος	alboroto
2574	θραυματρίζω	quebrantar
2575	θραύω	ser oprimido
2576	θρέμμα	ganado
2577	θρηνέω	endechar
2578	θρῆνος	endecha
2579	θρησκεία	religión
2580	θρησκός	religioso
2581	θριαμβεύω	llevar en triunfo
2582	θρίξ	cabello
2583	θροέω	turbarse
2584	θρόμβος	gota
2585	θρόνος	trono
2586	θρύπτω	hacer pedazos
2587	Θυάτειρα	Tiatira
2588	θυγάτηρ	hija
2589	θυγάτριον	hijita
2590	θύελλα	tempestad
2591	θύϊνος	cidra
2592	θυμίαμα	incienso
2593	θυμιατήριον	altar del incienso
2594	θυμιάω	quemar incienso
2595	θυμομαχέω	contender
2596	θυμός	ira
2597	θυμόω	airarse
2598	θύρα	puerta
2599	θυρεός	escudo
2600	θυρίς	ventana
2601	θυρωρός	portero
2602	θυσία	sacrificio
2603	θυσιαστήριον	altar
2604	θύω	matar
2605	Θωμᾶς	Tomás
2606	θώραξ	coraza
2608	Ἰάϊρος	Jairo
2609	Ἰακώβ	Jacob
2610	Ἰάκωβος	Jacobo
2611	ἴαμα	sanidad
2612	Ἰαμβρῆς	Jambres
2613	Ἰανναί	Jana
2614	Ἰάννης	Janes
2615	ἰάομαι	sanar
2616	Ἰάρετ	Jared
2617	ἴασις	sanidad
2618	ἴασπις	jaspe
2619	Ἰάσων	Jasón
2620	ἰατρός	médico
2621	Ἰαχίν	Jaquín
2622	ιβʼ	doce
2623	ἴδε	mira
2624	ἰδέα	apariencia
2625	ἴδιος	propio
2626	ἰδιώτης	indocto
2627	ἰδού	he aquí
2628	Ἰδουμαία	Idumea
2629	ἱδρώς	sudor
2630	Ἰεζάβελ	Jezabel
2631	Ἱεράπολις	Hierápolis
2632	ἱερατεία	oficio sacerdotal
2633	ἱεράτευμα	sacerdocio
2634	ἱερατεύω	ejercer el sacerdocio
2635	Ἰερεμίας	Jeremías
2636	ἱερεύς	sacerdote
2637	Ἰεριχώ	Jericó
2638	ἱερόθυτος	sacrificado a los ídolos
2639	ἱερόν	templo
2640	ἱεροπρεπής	reverente
2641	ἱερός	sagrado
2642	Ἱεροσόλυμα	Jerusalén
2643	Ἱεροσολυμίτης	jerusalemita
2644	ἱεροσυλέω	cometer sacrilegio
2645	ἱερόσυλος	sacrílego
2646	ἱερουργέω	ejercer funciones sacerdotales
2647	Ἰερουσαλήμ	Jerusalén
2648	ἱερωσύνη	sacerdocio
2649	Ἰεσσαί	Isaí
2650	Ἰεφθάε	Jefté
2651	Ἰεχονίας	Jeconías
2652	Ἰησοῦς	Jesús
2653	ἱκανός	suficiente
2654	ἱκανότης	competencia
2655	ἱκανόω	capacitar
2656	ἱκετηρία	súplica
2657	ἰκμάς	humedad
2658	Ἰκόνιον	Iconio
2659	ἱλαρός	alegre
2660	ἱλαρότης	con alegría
2661	ἱλάσκομαι	expiar
2662	ἱλασμός	propiciación
2663	ἱλαστήριον	sacrificio expiatorio
2664	ἵλεως	misericordioso
2665	Ἰλλυρικόν	Ilírico
2666	ἱμάς	correa
2667	ἱματίζω	vestir
2668	ἱμάτιον	ropa
2669	ἱματισμός	vestiduras
2670	ἱμείρομαι	desear
2671	ἵνα	para que
2672	ἱνατί	¿por qué?
2673	Ἰόππη	Jope
2674	Ἰορδάνης	Jordán
2675	ἰός	veneno
2677	Ἰουδαία	Judea
2678	Ἰουδαΐζω	judaizar
2679	Ἰουδαϊκός	judío
2680	Ἰουδαϊκῶς	a la manera judía
2681	Ἰουδαῖος	judío
2682	Ἰουδαϊσμός	judaísmo
2683	Ἰούδας	Judá
2684	Ἰουλία	Julia
2685	Ἰούλιος	Julio
2687	Ἰουνιᾶς	Junias
2688	Ἰοῦστος	Justo
2689	ἱππεύς	jinete
2690	ἱππικός	de a caballo
2691	ἵππος	caballo
2692	ἶρις	arco iris
2693	Ἰσαάκ	Isaac
2694	ἰσάγγελος	como un ángel
2695	Ἰσαχάρ	Isacar
2696	Ἰσκαριώθ	Iscariote
2697	Ἰσκαριώτης	Iscariote
2698	ἴσος	igual
2699	ἰσότης	igualdad
2700	ἰσότιμος	igualmente precioso
2701	ἰσόψυχος	semejante
2702	Ἰσραήλ	Israel
2703	Ἰσραηλίτης	israelita
2704	Ἰσσαχάρ	Isacar
2705	ἵστημι	estar de pie
2706	ἱστίον	vela
2707	ἱστορέω	conocer
2708	ἰσχυρός	poderoso
2709	ἰσχύς	fuerza
2710	ἰσχύω	ser fuerte
2711	ἴσως	quizá
2712	Ἰταλία	Italia
2713	Ἰταλικός	italiano
2714	Ἰτουραῖος	Iturea
2715	ἰχθύδιον	pececillo
2716	ἰχθύς	pez
2717	ἴξνος	paso
2718	Ἰωαθάμ	Jotam
2720	Ἰωανάν	Joanán
2721	Ἰωάννα	Juana
2722	Ἰωάννης	Juan
2723	Ἰωάς	Joás
2724	Ἰώβ	Job
2725	Ἰωβήδ	Obed
2726	Ἰωδά	Joda
2727	Ἰωήλ	Joel
2728	Ἰωνάθας	Jonatán
2729	Ἰωνάμ	Jonam
2731	Ἰωνᾶς	Jonás
2732	Ἰωράμ	Joram
2733	Ἰωρίμ	Jorim
2734	Ἰωσαφάτ	Josafat
2736	Ἰωσῆς	José
2737	Ἰωσήφ	José
2738	Ἰωσήχ	Josec
2739	Ἰωσίας	Josías
2740	ἰῶτα	jota
2742	κάβος	cab
2743	κἀγώ	y yo
2744	κάδος	cántaro
2745	καθά	como
2746	καθαίρεσις	derribamiento
2747	καθαιρέω	derribar
2748	καθαίρω	podar
2749	καθάπερ	así como
2750	καθάπτω	fijar
2751	καθαρίζω	limpiar
2752	καθαρισμός	purificación
2753	κάθαρμα	chivo expiatorio
2754	καθαρός	limpio
2755	καθαρότης	pureza
2756	καθέδρα	cátedra
2757	καθέζομαι	sentarse
2759	καθεξῆς	por orden
2761	καθεύδω	dormir
2762	καθηγητής	maestro
2763	καθήκω	ser conveniente
2764	κάθημαι	estar sentado
2766	καθημερινός	diario
2767	καθίζω	colocar
2768	καθίημι	descolgar
2769	καθιστάνω	poner a cargo
2770	καθίστημι	poner a cargo
2771	καθό	en la medida en que
2772	καθολικός	general
2773	καθόλου	en absoluto
2774	καθοπλίζω	equipar completamente
2775	καθοράω	verse claramente
2776	καθότι	por cuanto
2777	καθώς	como
2778	καθώσπερ	así como
2779	καί	y
2780	Καϊάφας	Caifás
2781	καίγε	aun
2782	Κάϊν	Caín
2783	Καϊνάμ	Cainán
2784	Καϊνάν	Cainán
2785	καινός	nuevo
2786	καινότης	novedad
2788	καίπερ	aunque
2789	καιρός	tiempo
2790	Καῖσαρ	César
2791	Καισάρεια	Cesarea
2792	καίτοι	y sin embargo
2793	καίτοιγε	aunque
2794	καίω	encender
2795	κἀκεῖ	y allí
2796	κἀκεῖθεν	y de allí
2797	κἀκεῖνος	y aquel
2798	κακία	maldad
2799	κακοήθεια	malicia
2800	κακολογέω	maldecir
2801	κακοπάθεια	sufrimiento
2802	κακοπαθέω	sufrir penalidades
2803	κακοποιέω	hacer el mal
2804	κακοποιός	malhechor
2805	κακός	malo
2806	κακοῦργος	malhechor
2807	κακουχέω	ser maltratado
2808	κακόω	dañar
2809	κακῶς	mal
2810	κάκωσις	opresión
2811	καλάμη	paja
2812	κάλαμος	caña
2813	καλέω	llamar
2814	καλλιέλαιος	olivo cultivado
2815	καλοδιδάσκαλος	maestra del bien
2816	Καλοὶ Λιμένες	Buenos Puertos
2817	καλοκαγαθία	nobleza de carácter
2818	καλοποιέω	hacer el bien
2819	καλός	bueno
2820	κάλυμμα	velo
2821	καλύπτω	cubrir
2822	καλῶς	bien
2823	κάμηλος	camello
2824	κάμιλος	cuerda
2825	κάμινος	horno
2826	καμμύω	cerrar
2827	κάμνω	cansarse
2828	κάμπτω	doblar
2829	κἄν	y si
2830	Κανά	Caná
2831	Καναναῖος	zelote
2832	Κανανίτης	cananeo
2833	Κανδάκη	Candace
2834	κανών	regla
2835	Καπερναούμ	Capernaúm
2836	καπηλεύω	traficar
2837	καπνός	humo
2838	Καππαδοκία	Capadocia
2839	καραδοκία	ansiosa expectación
2840	καρδία	corazón
2841	καρδιογνώστης	conocedor de los corazones
2842	Κάρπος	Carpo
2843	καρπός	fruto
2844	καρποφορέω	dar fruto
2845	καρποφόρος	cosecha
2846	καρτερέω	perseverar
2847	κάρφος	paja
2848	κατά	contra
2849	καταβαίνω	descender
2850	καταβάλλω	derribar
2851	καταβαρέω	agobiar
2852	καταβαρύνω	hacerse pesado
2853	κατάβασις	bajada
2854	καταβιβάζω	bajar
2855	καταβοάω	clamar
2856	καταβολή	creación
2857	καταβραβεύω	descalificar
2858	καταγγελεύς	abogado
2859	καταγγέλλω	predicar
2860	καταγελάω	burlarse de
2861	καταγινώσκω	condenar
2862	κατάγνυμι	romper
2863	καταγράφω	escribir
2864	κατάγω	traer
2865	καταγωνίζομαι	vencer
2866	καταδέω	vendar
2867	κατάδηλος	evidente
2868	καταδικάζω	condenar
2869	καταδίκη	condenación
2870	καταδιώκω	buscar
2871	καταδουλόω	esclavizar
2872	καταδυναστεύω	oprimir
2873	κατάθεμα	anatema
2874	καταθεματίζω	maldecir
2875	καταισχύνω	avergonzar
2876	κατακαίω	quemar
2877	κατακαλύπτω	cubrir
2878	κατακαυχάομαι	jactarse de
2879	κατάκειμαι	yacer
2880	κατακλάω	romper en pedazos
2881	κατακλείω	encerrar
2882	κατακληροδοτέω	repartir por sorteo
2883	κατακληρονομέω	dar como herencia
2884	κατακλίνω	hacer sentar
2885	κατακλύζω	ser anegado
2886	κατακλυσμός	diluvio
2887	κατακολουθέω	seguir
2888	κατακόπτω	cortar
2889	κατακρημνίζω	despeñar
2890	κατάκριμα	condenación
2891	κατακρίνω	condenar
2892	κατάκρισις	condenación
2893	κατακύπτω	inclinarse
2894	κατακυριεύω	señorearse de
2895	καταλαλέω	hablar contra
2896	καταλαλιά	maledicencia
2897	κατάλαλος	malediciente
2898	καταλαμβάνω	obtener
2899	καταλέγω	inscribir
2900	κατάλειμμα	remanente
2901	καταλείπω	dejar
2902	καταλιθάζω	apedrear
2903	καταλλαγή	reconciliación
2904	καταλλάσσω	reconciliar
2905	κατάλοιπος	restante
2906	κατάλυμα	aposento
2907	καταλύω	derribar
2908	καταμανθάνω	observar atentamente
2909	καταμαρτυρέω	dar testimonio contra
2910	καταμένω	permanecer
2911	καταμόνας	a solas
2912	κατανάθεμα	maldición
2913	καταναθεματίζω	maldecir
2914	καταναλίσκω	consumir
2915	καταναρκάω	ser gravoso
2916	κατανεύω	hacer señas
2917	κατανοέω	prestar atención
2918	καταντάω	llegar a
2919	κατάνυξις	estupor
2920	κατανύσσομαι	ser traspasado
2921	καταξιόω	ser tenido por digno
2922	καταπατέω	hollar
2923	κατάπαυσις	reposo
2924	καταπαύω	impedir
2925	καταπέτασμα	velo
2926	καταπίμπρημι	reducir a cenizas
2927	καταπίνω	tragar
2928	καταπίπτω	caer
2929	καταπλέω	navegar a
2930	καταπονέω	ser oprimido
2931	καταποντίζω	ser ahogado
2932	κατάρα	maldición
2933	καταράομαι	maldecir
2934	καταργέω	anular
2935	καταριθμέω	ser contado entre
2936	καταρτίζω	restaurar
2937	κατάρτισις	perfección
2938	καταρτισμός	preparación
2939	κατασείω	hacer señas
2940	κατασκάπτω	derribar
2941	κατασκευάζω	preparar
2942	κατασκηνόω	posarse
2943	κατασκήνωσις	nido
2944	κατασκιάζω	cubrir con su sombra
2945	κατασκοπέω	espiar
2946	κατάσκοπος	espía
2947	κατασοφίζομαι	tratar traicioneramente con
2948	καταστέλλω	apaciguar
2949	κατάστημα	conducta
2950	καταστολή	apariencia
2951	καταστρέφω	trastornar
2952	καταστρηνιάω	dejarse llevar de pasiones contra
2953	καταστροφή	ruina
2954	καταστρώννυμι	ser esparcido
2955	κατασύρω	arrastrar
2956	κατασφάζω	degollar
2958	κατασφραγίζω	ser sellado
2959	κατάσχεσις	posesión
2960	κατατίθημι	conceder un favor
2961	κατατομή	mutilación
2962	κατατοξεύω	abatir a flechazos
2963	κατατρέχω	perseguir
2964	καταυγάζω	alumbrar
2965	καταφέρω	arrojar contra
2966	καταφεύγω	refugiarse
2967	καταφθείρω	depravarse
2968	καταφιλέω	besar
2969	καταφρονέω	menospreciar
2970	καταφρονητής	burlador
2971	καταφωνέω	gritar a
2972	καταχέω	derramar
2973	καταχθόνιος	debajo de la tierra
2974	καταχράομαι	hacer pleno uso de
2975	καταψηφίζομαι	ser inscrito
2976	καταψύχω	refrescar
2977	κατείδωλος	lleno de ídolos
2978	κατέναντι	delante
2979	κατενώπιον	en la presencia de
2980	κατεξουσιάζω	ejercer autoridad sobre
2981	κατεργάζομαι	producir
2982	κατέρχομαι	descender
2983	κατεσθίω	devorar
2984	κατέσθω	devorar
2985	κατευθύνω	guiar
2986	κατευλογέω	bendecir
2987	κατεφίσταμαι	atacar
2988	κατέχω	retener
2989	κατηγορέω	acusar
2990	κατηγορία	acusación
2991	κατήγορος	acusador
2992	κατήγωρ	acusador
2993	κατήφεια	tristeza
2994	κατηχέω	instruir
2995	κατιόω	enmohecerse
2996	κατισχύω	prevalecer
2997	κατοικέω	habitar
2998	κατοίκησις	morada
2999	κατοικητήριον	morada
3000	κατοικία	morada
3001	κατοικίζω	hacer habitar
3002	κατοπτρίζω	reflejar
3003	κατόρθωμα	éxito
3004	κάτω	abajo
3005	κατώτερος	inferior
3006	κατωτέρω	debajo
3007	Καῦδα	Cauda
3008	καῦμα	calor
3009	καυματίζω	abrasar
3010	καυματόω	ser abrasado por el calor
3011	καῦσις	ardor
3012	καυσόω	ser consumido por fuego
3013	καυστηριάζω	ser cauterizado
3014	καύσων	calor
3015	καυτηριάζω	ser cauterizado
3016	καυχάομαι	gloriarse
3017	καύχημα	motivo de gloriarse
3018	καύχησις	jactancia
3019	Καφαρναούμ	Capernaúm
3020	Κεγχρεαί	Cencrea
3021	κέδρος	cedro
3022	Κεδρών	Cedrón
3023	κεῖμαι	poner
3024	κειρία	venda
3025	κείρω	cortar
3026	κέλευσμα	mando
3027	κελεύω	ordenar
3029	κενοδοξία	vanagloria
3030	κενόδοξος	vanaglorioso
3031	κενός	vacío
3032	κενοφωνία	palabrería
3033	κενόω	despojar
3034	κέντρον	aguijón
3035	κεντυρίων	centurión
3036	κενῶς	en vano
3037	κεραία	tilde
3038	κεραμεύς	alfarero
3039	κεραμικός	hecho por un alfarero
3040	κεράμιον	cántaro
3041	κέραμος	teja
3042	κεράννυμι	mezclar
3043	κέρας	cuerno
3044	κεράτιον	algarroba
3045	κερδαίνω	ganar
3046	κέρδος	ganancia
3047	κέρμα	moneda
3048	κερματιστής	cambista
3049	κεφάλαιον	punto principal
3050	κεφαλαιόω	herir en la cabeza
3051	κεφαλή	cabeza
3052	κεφαλιόω	herir en la cabeza
3053	κεφαλίς	rollo
3054	κηδεύω	cuidar
3055	κημόω	poner bozal
3056	κῆνσος	tributo
3057	κῆπος	huerto
3058	κηπουρός	hortelano
3059	κηρίον	cera
3060	κήρυγμα	predicación
3061	κῆρυξ	heraldo
3062	κηρύσσω	predicar
3063	κῆτος	gran pez
3064	Κηφᾶς	Cefas
3065	κιβώριον	ciborio
3066	κιβωτός	arca
3067	κιθάρα	arpa
3068	κιθαρίζω	tocar el arpa
3069	κιθαρῳδός	arpista
3070	Κιλικία	Cilicia
3071	Κίλιξ	cilicio
3073	κινδυνεύω	estar en peligro
3074	κίνδυνος	peligro
3075	κινέω	mover
3076	κίνησις	movimiento
3077	κιννάμωμον	canela
3078	Κίς	Cis
3079	κίχρημι	prestar
3080	κλάδος	rama
3081	κλαίω	llorar
3082	κλάσις	partimiento
3083	κλάσμα	pedazo
3084	Κλαύδη	Clauda
3085	Κλαῦδη	Clauda
3086	Κλαυδία	Claudia
3087	Κλαύδιος	Claudio
3088	κλαυθμός	lloro
3089	κλάω	partir
3090	κλείς	llave
3091	κλείω	cerrar
3092	κλέμμα	hurto
3093	Κλεοπᾶς	Cleofás
3094	κλέος	gloria
3095	κλέπτης	ladrón
3096	κλέπτω	hurtar
3097	κλῆμα	pámpano
3098	Κλήμης	Clemente
3099	κληρονομέω	heredar
3100	κληρονομία	herencia
3101	κληρονόμος	heredero
3102	κλῆρος	suertes
3103	κληρόω	ser escogido
3104	κλῆσις	llamamiento
3105	κλητός	llamado
3106	κλίβανος	horno
3107	κλίμα	región
3108	κλινάριον	lecho
3109	κλίνη	lecho
3110	κλινίδιον	lecho
3111	κλίνω	inclinarse
3112	κλισία	grupo
3113	κλοπή	hurto
3114	κλύδων	oleaje
3115	κλυδωνίζομαι	ser agitado por las olas
3116	Κλωπᾶς	Cleofás
3117	κνήθω	tener comezón
3118	Κνίδος	Cnido
3119	κοδράντης	cuadrante
3120	κοιλία	entrañas
3121	κοιμάω	dormir
3122	κοίμησις	sueño
3123	κοινός	común
3124	κοινόω	contaminar
3125	κοινωνέω	participar
3126	κοινωνία	comunión
3127	κοινωνικός	dispuesto a compartir
3128	κοινωνός	compañero
3130	κοίτη	lecho
3131	κοιτών	alcoba
3132	κόκκινος	escarlata
3133	κόκκος	grano
3134	κολάζω	castigar
3135	κολακεία	lisonja
3136	κόλασις	castigo
3137	Κολασσαεύς	colosense
3138	Κολασσαί	Colosas
3139	κολαφίζω	dar puñetazos
3140	κολλάω	unir
3141	κολλούριον	colirio
3142	κολλυβιστής	cambista
3143	κολοβόω	acortar
3144	Κολοσσαεύς	colosense
3145	Κολοσσαί	Colosas
3146	κόλπος	seno
3147	κολυμβάω	nadar
3148	κολυμβήθρα	estanque
3149	κολωνία	colonia romana
3150	κομάω	dejarse crecer el cabello
3151	κόμη	cabello
3152	κομίζω	traer
3153	κομψότερον	mejor
3154	κονιάω	ser blanqueado
3155	κονιορτός	polvo
3156	κοπάζω	amainar
3157	κοπετός	lamento
3158	κοπή	derrota
3159	κοπιάω	trabajar
3160	κόπος	trabajo
3161	κοπρία	muladar
3162	κόπριον	abono
3163	κόπρος	estiércol
3164	κόπτω	cortar
3165	κόραξ	cuervo
3166	κοράσιον	niña
3167	κορβᾶν	Corbán
3168	κορβανᾶς	tesoro del templo
3169	Κόρε	Coré
3170	κορέννυμι	saciarse
3171	Κορίνθιος	corintio
3172	Κόρινθος	Corinto
3173	Κορνήλιος	Cornelio
3174	κόρος	cor
3175	κοσμέω	adornar
3176	κοσμικός	mundano
3177	κόσμιος	decoroso
3179	κοσμοκράτωρ	poderes del mundo
3180	κόσμος	mundo
3181	Κούαρτος	Cuarto
3182	κοῦμ	cum
3183	κοῦμι	cumi
3184	κουστωδία	guardia
3185	κουφίζω	aligerar
3186	κόφινος	cesta
3187	κράβαττος	lecho
3188	κράββατος	lecho
3189	κράζω	clamar
3190	κραιπάλη	glotonería
3191	κρανίον	calavera
3192	κράσπεδον	borde
3193	κραταιός	poderoso
3194	κραταιόω	fortalecerse
3195	κρατέω	prender
3196	κράτιστος	excelentísimo
3197	κράτος	poder
3198	κραυγάζω	gritar
3199	κραυγή	clamor
3200	κρέας	carne
3201	κρείσσων	mejor
3202	κρείττων	mejor
3203	κρεμάννυμι	colgar
3204	κρημνός	precipicio
3205	Κρής	cretense
3206	Κρήσκης	Crescente
3207	Κρήτη	Creta
3208	κριθή	cebada
3209	κρίθινος	de cebada
3210	κρίμα	juicio
3211	κρίνον	lirio
3212	κρίνω	juzgar
3213	κρίσις	juicio
3214	Κρίσπος	Crispo
3215	κριτήριον	tribunal
3216	κριτής	juez
3217	κριτικός	capaz de discernir
3218	κρούω	llamar
3219	κρύπτη	escondrijo
3220	κρυπτός	oculto
3221	κρύπτω	esconder
3222	κρυσταλλίζω	ser claro como el cristal
3223	κρύσταλλος	cristal
3224	κρυφαῖος	secreto
3225	κρυφῇ	en secreto
3226	κρύφιος	oculto
3227	κτάομαι	adquirir
3228	κτῆμα	riqueza
3229	κτῆνος	propiedad
3230	κτήτωρ	dueño
3231	κτίζω	crear
3232	κτίσις	creación
3233	κτίσμα	criatura
3234	κτίστης	Creador
3235	κυβεία	astucia
3236	κυβέρνησις	administración
3237	κυβερνήτης	piloto
3238	κυκλεύω	rodear
3239	κυκλόθεν	alrededor
3240	κυκλόω	rodear
3241	κύκλῳ	alrededor
3242	κύλισμα	revolcadero
3243	κυλισμός	revolcadero
3244	κυλίω	rodar
3245	κυλλός	lisiado
3246	κῦμα	olas
3247	κύμβαλον	címbalo
3248	κύμινον	comino
3249	κυνάριον	perrito
3250	Κύπριος	chipriota
3251	Κύπρος	Chipre
3252	κύπτω	inclinarse
3254	Κυρηναῖος	cireneo
3255	Κυρήνη	Cirene
3256	Κυρήνιος	Cirenio
3257	κυρία	señora
3258	κυριακός	del Señor
3259	κυριεύω	enseñorearse
3261	κύριος	Señor
3262	κυριότης	señorío
3263	κυρόω	confirmar
3264	κύων	perro
3265	κῶλον	cadáver
3266	κωλύω	impedir
3267	κώμη	aldea
3268	κωμόπολις	pueblo
3269	κῶμος	orgía
3270	κώνωψ	mosquito
3271	Κώς	Cos
3272	Κωσάμ	Cosam
3273	κωφός	mudo
3275	λαγχάνω	elegir por sorteo
3276	Λάζαρος	Lázaro
3277	λάθρᾳ	secretamente
3278	λαῖλαψ	tempestad
3279	λακάω	reventar
3280	λακτίζω	dar coces
3281	λαλέω	hablar
3282	λαλιά	habla
3283	λαμά	lama
3284	λαμβάνω	tomar
3285	Λάμεχ	Lamec
3286	λαμπάς	lámpara
3287	λαμπρός	brillante
3288	λαμπρότης	resplandor
3289	λαμπρῶς	espléndidamente
3290	λάμπω	alumbrar
3291	λανθάνω	ocultar
3292	λαξευτός	excavado en la roca
3293	Λαοδίκεια	Laodicea
3294	Λαοδικεύς	Laodicense
3295	λαός	pueblo
3296	λάρυγξ	garganta
3297	Λασαία	Lasea
3298	Λασέα	Lasea
3299	λάσκω	reventar
3300	λατομέω	labrar
3301	λατρεία	culto
3302	λατρεύω	servir
3303	λάχανον	hortaliza
3304	Λεββαῖος	Lebeo
3305	λεγιών	legión
3306	λέγω	decir
3307	λεῖμμα	remanente
3308	λεῖος	liso
3309	λείπω	faltar
3310	λειτουργέω	ministrar
3311	λειτουργία	ministerio
3312	λειτουργικός	ministrador
3313	λειτουργός	ministro
3314	λείχω	lamer
3315	Λέκτρα	Lectra
3316	λεμά	lama
3317	λέντιον	toalla
3318	λεπίς	escama
3319	λέπρα	lepra
3320	λεπρός	leproso
3321	λεπτός	blanca
3322	Λευί	Leví
3323	Λευίς	Leví
3324	Λευίτης	levita
3325	Λευιτικός	levítico
3326	λευκαίνω	blanquear
3327	λευκοβύσσινος	lino blanco
3328	λευκός	blanco
3329	λέων	león
3330	λήθη	olvido
3331	λῆμψις	recepción
3332	ληνός	lagar
3333	λῆρος	disparate
3334	λῃστής	ladrón
3335	λῆψις	recepción
3336	λίαν	en gran manera
3337	λίβανος	incienso
3338	λιβανωτός	incensario
3339	Λιβερτῖνος	Liberto
3340	Λιβύη	Libia
3341	Λιβυστῖνος	libio
3342	λιθάζω	apedrear
3343	λίθινος	de piedra
3344	λιθοβολέω	apedrear
3345	λίθος	piedra
3346	λιθόστρωτος	enlosado
3347	λικμάω	desmenuzar
3348	λιμήν	puerto
3349	λίμνη	lago
3350	λιμός	hambre
3351	λίνον	lino
3352	Λίνος	Lino
3353	λιπαρός	costoso
3354	λίτρα	libra
3355	λίψ	suroeste
3356	λογεία	ofrenda
3357	λογίζομαι	contar
3358	λογικός	racional
3359	λόγιον	oráculos
3360	λόγιος	instruido
3361	λογισμός	pensamiento
3362	λογομαχέω	discutir sobre palabras
3363	λογομαχία	contienda de palabras
3364	λόγος	palabra
3365	λόγχη	lanza
3366	λοιδορέω	insultar
3367	λοιδορία	insulto
3368	λοίδορος	maldiciente
3369	λοιμός	pestilencia
3370	λοιπός	restante
3371	Λουκᾶς	Lucas
3372	Λούκιος	Lucio
3373	λουτρόν	lavamiento
3374	λούω	lavar
3375	Λύδδα	Lida
3376	Λυδία	Lidia
3377	Λυκαονία	Licaonia
3378	Λυκαονιστί	en licaónico
3379	Λυκία	Licia
3380	λύκος	lobo
3381	λυμαίνω	destruir
3382	λυπέω	entristecer
3383	λύπη	tristeza
3384	Λυσανίας	Lisanias
3385	Λυσίας	Lisias
3386	λύσις	divorcio
3387	λυσιτελέω	ser provechoso
3388	Λύστρα	Listra
3389	λύτρον	rescate
3390	λυτρόω	redimir
3391	λύτρωσις	redención
3392	λυτρωτής	libertador
3393	λυχνία	candelero
3394	λύχνος	lámpara
3395	λύω	desatar
3396	Λωίς	Loida
3397	Λώτ	Lot
3399	Μάαθ	Maath
3400	Μαγαδάν	Magadán
3401	Μαγδαλά	Magdala
3402	Μαγδαληνή	Magdalena
3403	Μαγε(δ)δών	Meguido
3404	μαγεία	magia
3405	μαγεύω	practicar la hechicería
3407	μάγος	hechicero
3408	Μαγώγ	Magog
3409	Μαδιάμ	Madián
3410	μαζός	pecho
3411	μαθητεύω	enseñar
3412	μαθητής	discípulo
3413	μαθήτρια	discípula
3414	Μαθθαῖος	Mateo
3415	Μαθθάτ	Matat
3416	Μαθθίας	Matías
3417	Μαθουσάλα	Matusalén
3418	Μαϊνάν	Mainán
3419	μαίνομαι	delirar
3420	μακαρίζω	llamar bienaventurado
3421	μακάριος	bienaventurado
3422	μακαρισμός	bienaventuranza
3423	Μακεδονία	Macedonia
3424	Μακεδών	macedonio
3425	μάκελλον	carnicería
3426	μακράν	lejos
3427	μακρόθεν	desde lejos
3428	μακροθυμέω	tener paciencia
3429	μακροθυμία	paciencia
3430	μακροθύμως	pacientemente
3431	μακρός	largo
3432	μακροχρόνιος	longevo
3433	μαλακία	dolencia
3434	μαλακός	delicado
3435	Μαλελεήλ	Mahalaleel
3436	μάλιστα	especialmente
3437	μᾶλλον	más
3438	Μάλχος	Malco
3439	μάμμη	abuela
3440	μαμωνᾶς	riquezas
3441	Μαναήν	Manaén
3442	Μανασσῆς	Manasés
3443	μανθάνω	aprender
3444	μανία	locura
3445	μάννα	maná
3446	μαντεύομαι	adivinar
3447	μαραίνω	marchitarse
3448	μαράνα θά	Maranata
3449	μαργαρίτης	perla
3450	Μάρθα	Marta
3451	Μαρία	María
3452	Μαριάμ	María
3453	Μᾶρκος	Marcos
3454	μάρμαρος	mármol
3455	μαρτυρέω	testificar
3456	μαρτυρία	testimonio
3457	μαρτύριον	testimonio
3458	μαρτύρομαι	testificar
3459	μάρτυς	testigo
3460	μασάομαι	roer
3461	μασθός	pecho
3463	μαστιγόω	azotar
3464	μαστίζω	azotar
3465	μάστιξ	azote
3466	μαστός	pecho
3467	ματαιολογία	vana palabrería
3468	ματαιολόγος	hablador vano
3469	μάταιος	vano
3470	ματαιότης	vanidad
3471	ματαιόω	volverse vano
3472	μάτην	en vano
3473	Ματθαῖος	Mateo
3474	Ματθάν	Matán
3475	Ματθάτ	Matat
3476	Ματθίας	Matías
3477	Ματταθά	Matata
3478	Ματταθίας	Matatías
3479	μάχαιρα	espada
3480	μάχη	contienda
3481	μάχομαι	pelear
3482	μεγαλαυχέω	jactarse
3483	μεγαλεῖος	maravillas
3484	μεγαλειότης	majestad
3485	μεγαλοπρεπής	majestuoso
3486	μεγαλύνω	glorificar
3487	μεγάλως	grandemente
3488	μεγαλωσύνη	majestad
3489	μέγας	grande
3490	μέγεθος	grandeza
3491	μεγιστάν	magnate
3492	μέγιστος	grandísimo
3493	μεθερμηνεύω	traducir
3494	μέθη	embriaguez
3496	μεθίστημι	trasladar
3497	μεθοδεία	maquinación
3498	μεθόριον	límite
3499	μεθύσκω	embriagarse
3500	μέθυσος	borracho
3501	μεθύω	embriagarse
3502	μείγνυμι	mezclar
3504	μειζότερος	mayor
3505	μείζων	mayor
3506	μέλας	negro
3507	Μελεά	Melea
3508	μέλει	importa
3509	μελετάω	tramar
3510	μέλι	miel
3513	μελίσσιος	panal
3514	Μελίτη	Malta
3516	μέλλω	estar a punto de
3517	μέλος	parte
3518	Μελχί	Melqui
3519	Μελχισέδεκ	Melquisedec
3521	μεμβράνα	pergamino
3522	μέμφομαι	reprochar
3523	μεμψίμοιρος	querelloso
3524	μέμψις	motivo de queja
3525	μέν	a menudo sin traducir
3527	Μεννά	Mená
3528	μενοῦν	más bien
3529	μενοῦνγε	más bien
3530	μέντοι	pero
3531	μένω	permanecer
3532	μερίζω	dar
3533	μέριμνα	ansiedad
3534	μεριμνάω	afanarse
3535	μερίς	distrito
3536	μερισμός	división
3537	μεριστής	árbitro
3538	μέρος	parte
3539	μεσάζω	estar en medio
3540	μεσημβρία	mediodía
3541	μεσιτεύω	confirmar
3542	μεσίτης	mediador
3543	μεσονύκτιον	medianoche
3544	Μεσοποταμία	Mesopotamia
3545	μέσος	medio
3546	μεσότοιχον	pared intermedia de separación
3547	μεσουράνημα	medio del cielo
3548	μεσόω	estar a la mitad
3549	Μεσσίας	Mesías
3550	μεστός	lleno
3551	μεστόω	llenarse
3552	μετά	con
3553	μεταβαίνω	pasar
3554	μεταβάλλω	cambiar de parecer
3555	μετάγω	dirigir
3556	μεταδίδωμι	comunicar
3557	μετάθεσις	remoción
3558	μεταίρω	trasladar
3559	μετακαλέω	mandar llamar
3560	μετακινέω	ser movido
3561	μεταλαμβάνω	participar
3562	μετάλημψις	recepción
3563	μεταλλάσσω	cambiar
3564	μεταμέλομαι	arrepentirse
3565	μεταμορφόω	ser transformado
3566	μετανοέω	arrepentirse
3567	μετάνοια	arrepentimiento
3568	μεταξύ	entre
3569	μεταπέμπω	mandar llamar
3570	μεταστρέφω	pervertir
3571	μετασχηματίζω	transformar
3572	μετατίθημι	cambiar
3573	μετατρέπω	ser cambiado
3574	μεταφυτεύω	trasplantar
3575	μετέπειτα	después
3576	μετέχω	participar
3577	μετεωρίζομαι	preocuparse
3578	μετοικεσία	deportación
3579	μετοικίζω	deportar
3580	μετοχή	compañerismo
3581	μέτοχος	partícipe
3582	μετρέω	medir
3583	μετρητής	medida
3584	μετριοπαθέω	tratar con indulgencia
3585	μετρίως	moderadamente
3586	μέτρον	medida
3587	μέτωπον	frente
3588	μέχρι	hasta
3589	μέχρις	hasta
3590	μή	no
3591	μήγε	no
3592	μηδαμῶς	de ninguna manera
3593	μηδέ	ni
3594	μηδείς	nadie
3595	μηδέποτε	nunca
3596	μηδέπω	aún no
3597	Μῆδος	Medo
3600	μηκέτι	ya no
3601	μῆκος	longitud
3602	μηκύνω	crecer
3603	μηλωτή	piel de oveja
3604	μήν	mes
3605	μήν	ciertamente
3606	μηνύω	informar
3607	μήποτε	nunca
3608	μήπου	no sea que
3609	μήπω	aún no
3610	μήπως	para que de algún modo
3611	μηρός	muslo
3612	μήτε	ni
3613	μήτηρ	madre
3614	μήτι	acaso
3615	μήτιγε	cuánto más
3616	μήτρα	matriz
3617	μητραλῴας	matricida
3618	μητρολῴας	matricida
3619	μητρόπολις	metrópoli
3620	μιαίνω	contaminar
3621	μίασμα	corrupción
3622	μιασμός	corrupción
3623	μίγμα	mezcla
3624	μίγνυμι	mezclar
3625	μικρός	pequeño
3626	Μίλητος	Mileto
3627	μίλιον	milla romana
3628	μιμέομαι	imitar
3629	μιμητής	imitador
3630	μιμνῄσκομαι	recordar
3631	μισέω	aborrecer
3632	μισθαποδοσία	recompensa
3633	μισθαποδότης	galardonador
3634	μίσθιος	jornalero
3635	μισθός	salario
3636	μισθόω	contratar
3637	μίσθωμα	casa alquilada
3638	μισθωτός	asalariado
3639	Μιτυλήνη	Mitilene
3640	Μιχαήλ	Miguel
3641	μνᾶ	mina
3642	μνάομαι	estar desposado
3643	Μνάσων	Mnasón
3644	μνεία	memoria
3645	μνῆμα	sepulcro
3646	μνημεῖον	sepulcro
3647	μνήμη	memoria
3648	μνημονεύω	recordar
3649	μνημόσυνον	memorial
3650	μνηστεύω	desposarse
3651	μογγιλάλος	tartamudo
3652	μογιλάλος	tartamudo
3653	μόγις	apenas
3654	μόδιος	celemín
3655	μοιχαλίς	adúltera
3656	μοιχάω	cometer adulterio
3657	μοιχεία	adulterio
3658	μοιχεύω	cometer adulterio
3659	μοιχός	adúltero
3660	μόλις	con dificultad
3661	Μολόχ	Moloc
3662	μολύνω	contaminar
3663	μολυσμός	contaminación
3664	μομφή	reproche
3665	μονή	morada
3666	μονογενής	unigénito
3667	μόνον	solamente
3668	μόνος	solo
3669	μονόφθαλμος	tuerto
3670	μονόω	quedar solo
3671	μορφή	forma
3672	μορφόω	formarse
3673	μόρφωσις	forma
3674	μοσχοποιέω	hacer un becerro
3675	μόσχος	becerro
3676	μουσικός	músico
3677	μόχθος	fatiga
3678	μυελός	tuétano
3679	μυέω	aprender el secreto
3680	μῦθος	mito
3681	μυκάομαι	bramar
3682	μυκτηρίζω	ser burlado
3683	μυλικός	de molino
3684	μύλινος	de molino
3685	μύλος	molino
3686	μυλών	molino
3687	μυλωνικός	del molino
3688	Μύρα	Mira
3689	μυριάς	miríada
3690	μυρίζω	perfumar
3691	μύριοι	diez mil
3692	μυρίος	innumerable
3693	μύρον	perfume
3695	Μυσία	Misia
3696	μυστήριον	misterio
3697	μυωπάζω	ser miope
3698	μώλωψ	llaga
3699	μωμάομαι	censurar
3700	μῶμος	mancha
3701	μωραίνω	enloquecer
3702	μωρία	locura
3703	μωρολογία	necedades
3704	μωρός	necio
3705	Μωσεώς	Moisés
3706	Μωσῆς	Moisés
3707	Μωϋσῆς	Moisés
3709	Ναασσών	Naasón
3710	Ναγγαί	Nagge
3711	Ναζαρά	Nazaret
3714	Ναζαρέθ	Nazaret
3715	Ναζαρέτ	Nazaret
3716	Ναζαρηνός	nazareno
3717	Ναζωραῖος	nazareno
3718	Ναθάμ	Natán
3720	Ναθαναήλ	Natanael
3721	ναί	sí
3722	Ναιμάν	Naamán
3723	Ναίν	Naín
3724	ναός	templo
3725	Ναούμ	Nahúm
3726	νάρδος	nardo
3727	Νάρκισσος	Narciso
3728	ναυαγέω	naufragar
3729	ναύκληρος	armador
3730	ναῦς	nave
3731	ναύτης	marinero
3732	Ναχώρ	Nacor
3733	νεανίας	joven
3734	νεανίσκος	joven
3735	Νέα πόλις	Neápolis
3737	Νεεμάν	Naamán
3738	νεκρός	muerto
3739	νεκρόω	hacer morir
3740	νέκρωσις	muerte
3741	νεομηνία	luna nueva
3742	νέος	nuevo
3743	νεοσσός	polluelos
3744	νεότης	juventud
3745	νεόφυτος	neófito
3746	Νέρων	Nerón
3747	Νεύης	Neúes
3748	νεύω	hacer señas
3749	νεφέλη	nube
3750	Νεφθαλίμ	Neftalí
3751	νέφος	nube
3752	νεφρός	mente
3753	νεωκόρος	guardián del templo
3754	νεωτερικός	juvenil
3755	νή	tan cierto como
3756	νήθω	hilar
3757	νηπιάζω	ser niño
3758	νήπιος	niño
3759	Νηρεύς	Nereo
3760	Νηρί	Neri
3761	νησίον	isleta
3762	νῆσος	isla
3763	νηστεία	ayuno
3764	νηστεύω	ayunar
3765	νῆστις	hambriento
3766	νηφαλέος	sobrio
3767	νηφάλιος	sobrio
3768	νήφω	ser sobrio
3769	Νίγερ	Níger
3770	Νικάνωρ	Nicanor
3771	νικάω	vencer
3772	νίκη	victoria
3773	Νικόδημος	Nicodemo
3774	Νικολαίτης	Nicolaita
3775	Νικόλαος	Nicolás
3776	Νικόπολις	Nicópolis
3777	νῖκος	victoria
3778	Νινευή	Nínive
3779	Νινευΐ	Nínive
3780	Νινευίτης	ninivita
3781	νιπτήρ	lebrillo
3782	νίπτω	lavar
3783	νοέω	entender
3784	νόημα	pensamiento
3785	νόθος	ilegítimo
3786	νομή	pasto
3787	νομίζω	pensar
3788	νομικός	intérprete de la ley
3789	νομίμως	legítimamente
3790	νόμισμα	moneda
3791	νομοδιδάσκαλος	doctor de la ley
3792	νομοθεσία	ley
3793	νομοθετέω	recibir la ley
3794	νομοθέτης	legislador
3795	νόμος	ley
3796	νοσέω	estar enfermo
3797	νόσημα	enfermedad
3798	νόσος	enfermedad
3799	νοσσιά	polluelo
3800	νοσσίον	polluelo
3801	νοσσός	polluelo
3802	νοσφίζω	sustraer
3803	νότος	sur
3804	νουθεσία	amonestación
3805	νουθετέω	amonestar
3806	νουμηνία	novilunio
3807	νουνεχῶς	prudentemente
3808	νοῦς	mente
3809	Νύμφα	Ninfa
3811	νύμφη	esposa
3812	νυμφίος	esposo
3813	νυμφών	esposo
3814	νῦν	ahora
3815	νυνί	ahora
3816	νύξ	noche
3817	νύσσω	traspasar
3818	νυστάζω	adormecerse
3819	νυχθήμερον	una noche y un día
3820	Νῶε	Noé
3821	νωθρός	tardo
3822	νῶτος	espalda
3824	ξαίνω	peinar
3825	χενία	alojamiento
3826	χενίζω	hospedar
3827	χενοδοχέω	practicar la hospitalidad
3828	χένος	extraño
3829	χέστης	cántaro
3830	χηραίνω	marchitarse
3831	χηρός	seco
3832	χύλινος	de madera
3833	χύλον	madera
3834	χυράω	raparse
3836	ὁ	el
3837	ὀγδοήκοντα	ochenta
3838	ὄγδοος	octavo
3839	ὄγκος	peso
3840	ὅδε	este
3841	ὁδεύω	viajar
3842	ὁδηγέω	guiar
3843	ὁδηγός	guía
3844	ὁδοιπορέω	estar de viaje
3845	ὁδοιπορία	viaje
3847	ὁδός	camino
3848	ὀδούς	diente
3849	ὀδυνάω	afligir
3850	ὀδύνη	angustia
3851	ὀδυρμός	lamentación
3852	Ὀζίας	Uzías
3853	ὄζω	heder
3854	ὅθεν	de donde
3855	ὀθόνη	lienzo
3856	ὀθόνιον	lienzos
3857	οἶδα	saber
3858	οἰκεῖος	doméstico
3859	οἰκετεία	siervo doméstico
3860	οἰκέτης	criado
3861	οἰκέω	habitar
3862	οἴκημα	celda
3863	οἰκητήριον	morada
3864	οἰκία	casa
3865	οἰκιακός	de la casa
3866	οἰκοδεσποτέω	gobernar la casa
3867	οἰκοδεσπότης	padre de familia
3868	οἰκοδομέω	edificar
3869	οἰκοδομή	edificio
3870	οἰκοδομία	edificación
3871	οἰκοδόμος	edificador
3872	οἰκονομέω	administrar
3873	οἰκονομία	administración
3874	οἰκονόμος	mayordomo
3875	οἶκος	casa
3876	οἰκουμένη	mundo
3877	οἰκουργός	trabajadora en el hogar
3878	οἰκουρός	que se queda en casa
3879	οἰκτείρω	compadecerse de
3880	οἰκτιρμός	misericordia
3881	οἰκτίρμων	misericordioso
3882	οἰκτίρω	compadecerse de
3883	οἶμαι	pensar
3884	οἰνοπότης	borracho
3885	οἶνος	vino
3886	οἰνοφλυγία	embriaguez
3887	οἴομαι	suponer
3888	οἱος	qué clase de
3890	ὀκνέω	tardar
3891	ὀκνηρός	perezoso
3892	ὀκταήμερος	octavo día
3893	ὀκτώ	ocho
3896	ὀ;λέθριος	pernicioso
3897	ὄλεθρος	destrucción
3898	ὀλιγοπιστία	poca fe
3899	ὀλιγόπιστος	de poca fe
3900	ὀλίγος	poco
3901	ὀλιγόψυχος	pusilánime
3902	ὀλιγωρέω	menospreciar
3903	ὀλίγως	apenas
3904	ὀλοθρευτής	destructor
3905	ὀλοθρεύω	destruir
3906	ὁλοκαύτωμα	holocausto
3907	ὁλοκληρία	integridad
3908	ὁλόκληρος	entero
3909	ὀλολύζω	aullar
3910	ὅλος	todo
3911	ὁλοτελής	por completo
3912	Ὀλυμπᾶς	Olimpas
3913	ὄλυνθος	higo tardío
3914	ὅλως	completamente
3915	ὄμβρος	aguacero
3916	ὁμείρομαι	amar
3917	ὁμιλέω	hablar
3918	ὁμιλία	compañía
3919	ὅμιλος	multitud
3920	ὁμίχλη	niebla
3921	ὄμμα	ojo
3922	ὄμνυμι	jurar
3923	ὀμνύω	prestar juramento
3924	ὁμοθυμαδόν	unánimes
3925	ὁμοιάζω	parecerse
3926	ὁμοιοπαθής	semejante
3927	ὅμοιος	semejante
3928	ὁμοιότης	semejanza
3929	ὁμοιόω	hacer semejante
3930	ὁμοίωμα	semejanza
3931	ὁμοίως	asimismo
3932	ὁμοίωσις	semejanza
3933	ὁμολογέω	confesar
3934	ὁμολογία	confesión
3935	ὁμολογουμένως	indiscutiblemente
3936	ὁμόσε	juntos
3937	ὁμότεχνος	del mismo oficio
3938	ὁμοῦ	juntamente
3939	ὁμόφρων	unánime
3940	ὅμως	así como
3941	ὄναρ	sueño
3942	ὀνάριον	pollino
3943	ὀνειδίζω	insultar
3944	ὀνειδισμός	afrenta
3945	ὄνειδος	oprobio
3946	Ὀνήσιμος	Onésimo
3947	Ὀνησίφορος	Onesíforo
3948	ὀνικός	piedra de molino de asno
3949	ὀνίνημι	obtener provecho
3950	ὄνομα	nombre
3951	ὀνομάζω	nombrar
3952	ὄνος	asno
3953	ὄντως	verdaderamente
3954	ὄξος	vinagre
3955	ὀξύς	agudo
3956	ὀπή	agujero
3957	ὄπισθεν	por detrás
3958	ὀπίσω	detrás
3959	ὁπλίζω	armarse de
3960	ὅπλον	instrumento
3961	ὁποῖος	qué clase de
3962	ὁπότε	cuando
3963	ὅπου	donde
3964	ὀπτάνομαι	aparecer
3965	ὀπτασία	visión
3966	ὀπτός	asado
3967	ὀπώρα	fruta
3968	ὅπως	para que
3969	ὅραμα	visión
3970	ὅρασις	apariencia
3971	ὁρατός	visible
3972	ὁράω	ver
3973	ὀργή	ira
3974	ὀργίζω	airarse
3975	ὀργίλος	iracundo
3976	ὀργυιά	braza
3977	ὀρέγω	anhelar
3978	ὀρεινός	montañoso
3979	ὄρεξις	lujuria
3980	ὀρθοποδέω	andar rectamente
3981	ὀρθός	recto
3982	ὀρθοτομέω	usar bien
3983	ὀρθρίζω	madrugar
3984	ὀρθρινός	de madrugada
3985	ὄρθριος	de madrugada
3986	ὄρθρος	madrugada
3987	ὀρθῶς	correctamente
3988	ὁρίζω	determinar
3990	ὅριον	región
3991	ὁρκίζω	conjurar
3992	ὅρκος	juramento
3993	ὁρκωμοσία	juramento
3994	ὁρμάω	precipitarse
3995	ὁρμή	complot
3996	ὅρμημα	violencia repentina
3997	ὄρνεον	ave
3998	ὄρνις	gallina
3999	ὁροθεσία	límite
4001	ὄρος	monte
4002	ὀρύσσω	cavar
4003	ὀρφανός	huérfano
4004	ὀρχέομαι	danzar
4005	ὅς	que
4006	ὁσάκις	cuantas veces
4008	ὅσιος	santo
4009	ὁσιότης	santidad
4010	ὁσίως	piadosamente
4011	ὀσμή	olor
4012	ὅσος	cuán grande
4013	ὅσπερ	cualquiera que
4014	ὀστέον	hueso
4015	ὅστις	el que
4016	ὀστοῦν	hueso
4017	ὀστράκινος	de barro
4018	ὄσφρησις	olfato
4019	ὀσφῦς	lomos
4020	ὅταν	cuando
4021	ὅτε	cuando
4022	ὅτι	que
4023	οὗ	donde
4024	οὐ	no
4025	οὐά	bah
4026	οὐαί	ay
4027	οὐδαμῶς	de ninguna manera
4028	οὐδέ	ni
4029	οὐδείς	nadie
4030	οὐδέποτε	nunca
4031	οὐδέπω	aún no
4032	οὐθείς	nadie
4033	οὐκέτι	ya no
4034	οὐκοῦν	entonces
4036	οὖν	por tanto
4037	οὔπω	todavía no
4038	οὐρά	cola
4039	οὐράνιος	celestial
4040	οὐρανόθεν	del cielo
4041	οὐρανός	cielo
4042	Οὐρβανός	Urbano
4043	Οὐρίας	Urías
4044	οὖς	oído
4045	οὐσία	bienes
4046	οὔτε	ni
4047	οὗτος	este
4048	οὕτως	así
4049	οὐχί	no
4050	ὀφειλέτης	deudor
4051	ὀφειλή	deuda
4052	ὀφείλημα	deuda
4053	ὀφείλω	deber
4054	ὄφελον	ojalá
4055	ὄφελος	provecho
4056	ὀφθαλμοδουλία	servicio al ojo
4057	ὀφθαλμός	ojo
4058	ὄφις	serpiente
4059	ὀφρῦς	ceja
4060	ὀχετός	desagüe
4061	ὀχλέω	ser atormentado
4062	ὀχλοποιέω	formar un motín
4063	ὄχλος	multitud
4064	Ὀχοζίας	Ocozías
4065	ὀχύρωμα	fortaleza
4066	ὀψάριον	pescado
4067	ὀψέ	al anochecer
4068	ὀψία	tarde
4069	ὄψιμος	tardío
4070	ὄψιος	tardío
4071	ὄψις	rostro
4072	ὀψώνιον	paga
4074	παγιδεύω	atrapar
4075	παγίς	lazo
4076	πάγος	colina
4077	πάθημα	sufrimiento
4078	παθητός	sujeto al sufrimiento
4079	πάθος	pasión
4080	παιδαγωγός	tutor
4081	παιδάριον	niñito
4082	παιδεία	disciplina
4083	παιδευτής	instructor
4084	παιδεύω	instruir
4085	παιδιόθεν	desde la niñez
4086	παιδίον	niño
4087	παιδίσκη	sierva
4088	παιδόθεν	desde la niñez
4089	παίζω	entregarse a la orgía
4090	παῖς	niño
4091	παίω	golpear
4092	Πακατιανός	Pacatiano
4093	πάλαι	antiguamente
4094	παλαιός	antiguo
4095	παλαιότης	vejez
4096	παλαιόω	envejecer
4097	πάλη	lucha
4098	παλιγγενεσία	regeneración
4099	πάλιν	otra vez
4101	παμπληθεί	a una voz
4102	πάμπολυς	muy grande
4103	Παμφυλία	Panfilia
4106	πανδοχεῖον	mesón
4107	πανδοχεύς	mesonero
4108	πανήγυρις	reunión festiva
4109	πανοικεί	con toda su casa
4110	πανοπλία	armadura completa
4111	πανουργία	astucia
4112	πανοῦργος	astuto
4114	πανταχῇ	por todas partes
4115	πανταχόθεν	de todas partes
4116	πανταχοῦ	por todas partes
4117	παντελής	completo
4118	πάντῃ	de todas maneras
4119	πάντοθεν	de todos lados
4120	παντοκράτωρ	Todopoderoso
4121	πάντοτε	siempre
4122	πάντως	ciertamente
4123	παρά	de
4124	παραβαίνω	transgredir
4125	παραβάλλω	acercarse
4126	παράβασις	transgresión
4127	παραβάτης	transgresor
4128	παραβιάζομαι	apremiar
4129	παραβολεύομαι	arriesgarse
4130	παραβολή	parábola
4131	παραβουλεύομαι	ser descuidado
4132	παραγγελία	mandato
4133	παραγγέλλω	mandar
4134	παραγίνομαι	venir
4135	παράγω	pasar de largo
4136	παραδειγματίζω	avergonzar públicamente
4137	παράδεισος	paraíso
4138	παραδέχομαι	aceptar
4139	παραδιατριβή	ocupación inútil
4140	παραδίδωμι	entregar
4141	παράδοξος	extraordinario
4142	παράδοσις	tradición
4143	παραζηλόω	provocar a celos
4144	παραθαλάσσιος	junto al lago
4145	παραθεωρέω	ser pasado por alto
4146	παραθήκη	depósito
4147	παραινέω	advertir
4148	παραιτέομαι	pedir
4149	παρακαθέζομαι	sentarse junto a
4150	παρακαθίζω	sentarse junto a
4151	παρακαλέω	rogar
4152	παρακαλύπτω	estar oculto
4153	παρακαταθήκη	depósito
4154	παράκειμαι	estar presente
4155	παράκλησις	consuelo
4156	παράκλητος	Consolador
4157	παρακοή	desobediencia
4158	παρακολουθέω	seguir
4159	παρακούω	desoír
4160	παρακύπτω	inclinarse
4161	παραλαμβάνω	tomar consigo
4162	παραλέγομαι	costear
4163	παράλιος	junto al mar
4164	παραλλαγή	mudanza
4165	παραλογίζομαι	engañar
4166	παραλυτικός	paralítico
4168	παραλύω	estar paralizado
4169	παραμένω	permanecer
4170	παραμυθέομαι	consolar
4171	παραμυθία	consuelo
4172	παραμύθιον	consuelo
4174	παρανομέω	violar la ley
4175	παρανομία	transgresión
4176	παραπικραίνω	rebelarse
4177	παραπικρασμός	rebelión
4178	παραπίπτω	apostatar
4179	παραπλέω	navegar más allá
4180	παραπλήσιος	casi
4181	παραπλησίως	de la misma manera
4182	παραπορεύομαι	pasar de largo
4183	παράπτωμα	delito
4184	παραρρέω	deslizarse
4185	παράσημος	distinguido
4186	παρασκευάζω	preparar
4187	παρασκευή	Día de la Preparación
4188	παραστάτις	ayudante
4189	παρατείνω	continuar
4190	παρατηρέω	acechar
4191	παρατήρησις	observación cuidadosa
4192	παρατίθημι	poner delante
4193	παρατυγχάνω	estar allí por casualidad
4194	παραυτίκα	momentáneo
4195	παραφέρω	quitar
4196	παραφρονέω	estar fuera de sí
4197	παραφρονία	locura
4198	παραφροσύνη	locura
4199	παραχειμάζω	invernar
4200	παραχειμασία	invernada
4201	παραχράομαι	abusar
4202	παραχρῆμα	al instante
4203	πάρδαλις	leopardo
4204	παρεδρεύω	servir continuamente
4205	πάρειμι	estar presente
4206	παρεισάγω	introducir secretamente
4207	παρείσακτος	introducido secretamente
4208	παρεισδύω	infiltrarse
4209	παρεισέρχομαι	entrar
4210	παρεισφέρω	poner toda diligencia
4211	παρεκτός	aparte de
4212	παρεμβάλλω	edificar
4213	παρεμβολή	campamento
4214	παρενοχλέω	molestar
4215	παρεπίδημος	peregrino
4216	παρέρχομαι	pasar
4217	πάρεσις	pasar por alto
4218	παρέχω	presentar
4219	παρηγορία	consuelo
4220	παρθενία	virginidad
4221	παρθένος	virgen
4222	Πάρθοι	Parto
4223	παρίημι	omitir
4224	παριστάνω	poner al lado
4225	παρίστημι	poner al lado
4226	Παρμενᾶς	Parménas
4227	πάροδος	paso
4228	παροικέω	habitar como extranjero
4229	παροικία	peregrinación
4230	πάροικος	forastero
4231	παροιμία	proverbio
4232	πάροινος	borracho
4233	παροίχομαι	pasar
4234	παρομοιάζω	parecerse a
4235	παρόμοιος	semejante
4236	παροξύνω	indignarse
4237	παροξυσμός	desacuerdo
4239	παροργίζω	provocar a ira
4240	παροργισμός	ira
4241	παροτρύνω	incitar
4242	παρουσία	presencia
4243	παροψίς	plato
4244	παρρησία	denuedo
4245	παρρησιάζομαι	hablar con denuedo
4246	πᾶς	todo
4247	πάσχα	Pascua
4248	πάσχω	padecer
4249	Πάταρα	Pátara
4250	πατάσσω	herir
4251	πατέω	hollar
4252	πατήρ	padre
4253	Πάτμος	Patmos
4254	πατραλῴας	patricida
4255	πατριά	familia
4256	πατριάρχης	patriarca
4257	πατρικός	paternal
4258	πατρίς	patria
4259	Πατροβᾶς	Patrobas
4260	πατρολῴας	patricida
4261	πατροπαράδοτος	transmitido por los antepasados
4262	πατρῷος	ancestral
4263	Παῦλος	Pablo
4264	παύω	hacer cesar
4265	Πάφος	Pafos
4266	παχύνω	endurecerse el corazón
4267	πέδη	grillete
4268	πεδινός	llano
4269	πεζεύω	ir a pie
4270	πεζῇ	a pie
4271	πεζός	a pie
4272	πειθαρχέω	obedecer
4273	πειθός	persuasivo
4275	πείθω	convencer
4277	πεινάω	tener hambre
4278	πεῖρα	intento
4279	πειράζω	poner a prueba
4280	πειρασμός	prueba
4281	πειράω	intentar
4282	πεισμονή	persuasión
4283	πέλαγος	alta mar
4284	πελεκίζω	decapitar
4286	πέμπτος	quinto
4287	πέμπω	enviar
4288	πένης	pobre
4289	πενθερά	suegra
4290	πενθερός	suegro
4291	πενθέω	lamentar
4292	πένθος	luto
4293	πενιχρός	pobre
4294	πεντάκις	cinco veces
4295	πεντακισχίλιοι	cinco mil
4296	πεντακόσιοι	quinientos
4297	πέντε	cinco
4298	πεντεκαιδέκατος	decimoquinto
4299	πεντήκοντα	cincuenta
4300	πεντηκοστή	Pentecostés
4301	πεποίθησις	confianza
4302	περ	afijo
4303	Πέραια	Perea
4304	περαιτέρω	más allá
4305	πέραν	al otro lado
4306	πέρας	fin
4307	Πέργαμος	Pérgamo
4308	Πέργη	Perge
4309	περί	acerca de
4310	περιάγω	llevar
4311	περιαιρέω	quitar
4312	περιάπτω	encender
4313	περιαστράπτω	resplandecer alrededor
4314	περιβάλλω	vestir
4315	περιβλέπω	mirar alrededor
4316	περιβόλαιον	velo
4317	περιδέω	envolver
4318	περιεργάζομαι	entrometerse
4319	περίεργος	entrometido
4320	περιέρχομαι	recorrer
4321	περιέχω	asir
4322	περιζώννυμι	ceñir
4323	περιζωννύω	ceñir
4324	περίθεσις	uso
4325	περιίστημι	estar alrededor
4326	περικάθαρμα	escoria
4327	περικαθίζω	sentarse alrededor
4328	περικαλύπτω	vendar los ojos
4329	περίκειμαι	rodear
4330	περικεφαλαία	yelmo
4331	περικρατής	seguro
4332	περικρύβω	ocultarse
4333	περικυκλόω	rodear
4334	περιλάμπω	resplandecer alrededor
4335	περιλείπομαι	quedar
4337	περίλυπος	muy triste
4338	περιμένω	esperar
4339	πέριξ	alrededor
4340	περιοικέω	habitar en los alrededores
4341	περίοικος	vecino
4342	περιούσιος	propio
4343	περιοχή	pasaje
4344	περιπατέω	andar
4345	περιπείρω	traspasar
4346	περιπίπτω	caer en manos de
4347	περιποιέω	guardar
4348	περιποίησις	posesión
4351	περιρήγνυμι	despojar
4352	περισπάω	distraerse
4353	περισσεία	abundancia
4354	περίσσευμα	abundancia
4355	περισσεύω	abundar
4356	περισσός	abundante
4358	περισσότερος	más que
4359	περισσοτέρως	más
4360	περισσῶς	aún más
4361	περιστερά	paloma
4362	περιτέμνω	circuncidar
4363	περιτίθημι	poner
4364	περιτομή	circuncisión
4365	περιτρέπω	conducir
4366	περιτρέχω	recorrer
4367	περιφέρω	llevar
4368	περιφρονέω	menospreciar
4369	περίχωρος	de alrededor
4370	περίψημα	desecho
4371	περπερεύομαι	jactarse
4372	Περσίς	Persis
4373	πέρυσι	del año pasado
4374	πετεινόν	ave
4375	πέτομαι	volar
4376	πέτρα	roca
4377	Πέτρος	Pedro
4378	πετρώδης	pedregoso
4379	πήγανον	ruda
4380	πηγή	manantial
4381	πήγνυμι	erigir
4382	πηδάλιον	timón
4383	πηλίκος	cuán grande
4384	πηλός	barro
4385	πήρα	alforja
4386	πηρόω	lisiar
4387	πήρωσις	miopía
4388	πῆχυς	codo
4389	πιάζω	prender
4390	πιέζω	apretar
4391	πιθανολογία	argumentos persuasivos
4392	πιθός	persuasivo
4393	πικραίνω	amargar
4394	πικρία	amargura
4395	πικρός	amargo
4396	πικρῶς	amargamente
4397	Πιλᾶτος	Pilato
4398	πίμπλημι	llenar
4399	πίμπρημι	hincharse
4400	πινακίδιον	tablilla
4401	πινακίς	tablilla
4402	πίναξ	bandeja
4403	πίνω	beber
4404	πιότης	riqueza
4405	πιπράσκω	vender
4406	πίπτω	caer
4407	Πισιδία	Pisidia
4408	Πισίδιος	pisidio
4409	πιστεύω	creer
4410	πιστικός	puro
4411	πίστις	fe
4412	πιστός	fiel
4413	πιστόω	convencerse
4414	πλανάω	extraviar
4415	πλάνη	error
4417	πλανήτης	errante
4418	πλάνος	engañoso
4419	πλάξ	tabla de piedra
4420	πλάσμα	lo formado
4421	πλάσσω	formar
4422	πλαστός	fingido
4423	πλατεῖα	calle
4424	πλάτος	anchura
4425	πλατύνω	ensanchar
4426	πλατύς	ancho
4427	πλέγμα	tejido
4428	πλέκω	entretejer
4429	πλεονάζω	abundar
4430	πλεονεκτέω	defraudar
4431	πλεονέκτης	avaro
4432	πλεονεξία	avaricia
4433	πλευρά	costado
4434	πλέω	navegar
4435	πληγή	plaga
4436	πλῆθος	multitud
4437	πληθύνω	multiplicar
4438	πλήκτης	pendenciero
4439	πλήμμυρα	inundación
4440	πλήν	pero
4441	πλήρης	lleno
4442	πληροφορέω	cumplir
4443	πληροφορία	plena certidumbre
4444	πληρόω	cumplir
4445	πλήρωμα	plenitud
4446	πλησίον	cerca
4447	πλησμονή	saciedad
4448	πλήσσω	ser herido
4449	πλοιάριον	barca
4450	πλοῖον	barca
4451	πλοκή	trenzado
4452	πλόος	viaje
4453	πλοῦς	viaje
4454	πλούσιος	rico
4455	πλουσίως	abundantemente
4456	πλουτέω	ser rico
4457	πλουτίζω	enriquecer
4458	πλοῦτος	riquezas
4459	πλύνω	lavar
4460	πνεῦμα	viento
4461	πνευματικός	espiritual
4462	πνευματικῶς	espiritualmente
4463	πνέω	soplar
4464	πνίγω	estrangular
4465	πνικτός	ahogado
4466	πνοή	viento
4468	ποδήρης	hasta los pies
4469	ποδινιπτήρ	lebrillo
4470	πόθεν	de dónde
4471	ποία	hierba
4472	ποιέω	hacer
4473	ποίημα	hechura
4474	ποίησις	práctica
4475	ποιητής	hacedor
4476	ποικίλος	diverso
4477	ποιμαίνω	apacentar
4478	ποιμήν	pastor
4479	ποίμνη	rebaño
4480	ποίμνιον	rebaño
4481	ποῖος	qué clase de
4482	πολεμέω	pelear
4483	πόλεμος	guerra
4484	πόλις	ciudad
4485	πολιτάρχης	magistrado de la ciudad
4486	πολιτεία	ciudadanía
4487	πολίτευμα	ciudadanía
4488	πολιτεύομαι	comportarse
4489	πολίτης	ciudadano
4490	πολλάκις	muchas veces
4491	πολλαπλασίων	mucho más
4492	πολυεύστλαγχνος	rico en misericordia
4493	πολύλαλος	hablador
4494	πολυλογία	palabrería
4495	πολυμερῶς	muchas veces
4496	πολυπλήθεια	gran multitud
4497	πολυποίκιλος	multiforme
4498	πολύς	muchos
4499	πολύσπλαγχνος	muy misericordioso
4500	πολυτελής	costoso
4501	πολύτιμος	precioso
4502	πολυτρόπως	de muchas maneras
4503	πόμα	bebida
4504	πονηρία	maldad
4505	πονηρός	malo
4506	πόνος	dolor
4507	Ποντικός	del Ponto
4508	Πόντιος	Poncio
4509	Πόντος	alta mar
4510	πόντος	Ponto
4511	Πόπλιος	Publio
4512	πορεία	viaje
4513	πορεύω	ir
4514	πορθέω	asolar
4516	πορισμός	medio de ganancia
4517	Πόρκιος	Porcio
4518	πορνεία	fornicación
4519	πορνεύω	fornicar
4520	πόρνη	ramera
4521	πόρνος	fornicario
4522	πόρρω	lejos
4523	πόρρωθεν	de lejos
4524	πορρωτέρω	más lejos
4525	πορφύρα	púrpura
4526	πορφύρεος	purpúreo
4527	πορφυρόπωλις	vendedora de púrpura
4528	πορφυροῦς	púrpura
4529	ποσάκις	cuántas veces
4530	πόσις	bebida
4531	πόσος	cuán grande
4532	ποταμός	río
4533	ποταμοφόρητος	arrastrado por la corriente del río
4534	ποταπός	de qué clase
4535	ποταπῶς	de qué manera
4536	πότε	cuándo
4537	ποτε	una vez
4538	πότερον	si
4539	ποτήριον	copa
4540	ποτίζω	dar de beber
4541	Ποτίολοι	Puteoli
4542	πότος	orgías
4543	που	en algún lugar
4544	ποῦ	dónde
4545	Πούδης	Pudente
4546	πούς	pie
4547	πρᾶγμα	cosa
4548	πραγματεία	asuntos
4549	πραγματεύομαι	negociar
4550	πραιτώριον	Pretorio
4551	πράκτωρ	alguacil
4552	πρᾶξις	acción
4553	πρᾶος	manso
4554	πραότης	mansedumbre
4555	πρασιά	grupo
4556	πράσσω	hacer
4557	πραϋπάθεια	mansedumbre
4558	πραύς	manso
4559	πραύτης	mansedumbre
4560	πρέπω	convenir
4561	πρεσβεία	embajada
4563	πρεσβεύω	ser embajador
4564	πρεσβυτέριον	concilio de los ancianos
4565	πρεσβύτερος	mayor
4566	πρεσβύτης	anciano
4567	πρεσβῦτις	anciana
4568	πρηνής	de cabeza
4569	πρίζω	ser aserrado en dos
4570	πρίν	antes
4571	Πρίσκα	Prisca
4572	Πρίσκιλλα	Priscila
4574	πρό	antes de
4575	προάγω	ir delante
4576	προαιρέω	decidir
4577	προαιτιάομαι	acusar de antemano
4578	προακούω	oír de antemano
4579	προαμαρτάνω	pecar antes
4580	προαύλιον	portal
4581	προβαίνω	seguir adelante
4582	προβάλλω	empujar al frente
4583	προβατικός	de las ovejas
4584	προβάτιον	cordero
4585	πρόβατον	oveja
4586	προβιβάζω	ser instigado
4587	προβλέπω	prever
4588	προγίνομαι	cometer de antemano
4589	προγινώσκω	conocer de antemano
4590	πρόγνωσις	presciencia
4591	πρόγονος	padres
4592	προγράφω	escribir de antemano
4593	πρόδηλος	evidente
4594	προδίδωμι	entregar
4595	προδότης	traidor
4596	πρόδρομος	precursor
4597	προεῖπον	predecir
4598	προελπίζω	ser el primero en esperar
4599	προενάρχομαι	comenzar de antemano
4600	προεπαγγέλλω	prometer de antemano
4601	προέρχομαι	ir delante
4602	προετοιμάζω	preparar de antemano
4603	προευαγγελίζομαι	anunciar de antemano el evangelio
4604	προέχω	tener ventaja
4605	προηγέομαι	preferir
4606	πρόθεσις	proposición
4607	προθεσμία	tiempo señalado
4608	προθυμία	prontitud
4609	πρόθυμος	dispuesto
4610	προθύμως	voluntariamente
4611	πρόϊμος	temprano
4613	προίστημι	gobernar
4614	προκαλέω	provocar
4615	προκαταγγέλλω	anunciar de antemano
4616	προκαταρτίζω	preparar de antemano
4618	πρόκειμαι	estar puesto delante
4619	προκηρύσσω	predicar de antemano
4620	προκοπή	progreso
4621	προκόπτω	avanzar
4622	πρόκριμα	prejuicio
4623	προκυρόω	ratificar de antemano
4624	προλαμβάνω	tomar por adelantado
4625	προλέγω	decir de antemano
4626	προμαρτύρομαι	testificar de antemano
4627	προμελετάω	premeditar
4628	προμεριμνάω	preocuparse de antemano
4629	προνοέω	proveer para
4630	πρόνοια	providencia
4632	προοράω	ver de antemano
4633	προορίζω	predestinar
4634	προπάσχω	padecer antes
4635	προπάτωρ	antepasado
4636	προπέμπω	acompañar
4637	προπετής	impetuoso
4638	προπορεύομαι	preceder
4639	πρός	a
4640	προσάββατον	víspera del sábado
4641	προσαγορεύω	designar
4642	προσάγω	llevar a
4643	προσαγωγή	entrada
4644	προσαιτέω	mendigar
4645	προσαίτης	mendigo
4646	προσαναβαίνω	subir
4648	προσαναλίσκω	derrochar
4649	προσαναλόω	derrochar
4650	προσαναπληρόω	suplir
4651	προσανατίθημι	añadir
4652	προσανέχω	alzarse hacia
4653	προσαπειλέω	amenazar más
4654	προσαχέω	resonar
4655	προσδαπανάω	gastar de más
4656	προσδέομαι	necesitar
4657	προσδέχομαι	recibir
4658	προσδίδωμι	dar
4659	προσδοκάω	esperar
4660	προσδοκία	expectación
4661	προσεάω	permitir ir más lejos
4662	προσεγγίζω	acercarse
4663	προσεδρεύω	servir
4664	προσεργάζομαι	ganar más
4665	προσέρχομαι	acercarse
4666	προσευχή	oración
4667	προσεύχομαι	orar
4668	προσέχω	tener cuidado
4669	προσηλόω	clavar en
4670	προσήλυτος	prosélito
4672	πρόσκαιρος	temporal
4673	προσκαλέω	llamar
4674	προσκαρτερέω	perseverar
4675	προσκαρτέρησις	perseverancia
4676	προσκεφάλαιον	cabezal
4677	προσκληρόω	unirse con
4678	πρόσκλησις	citación
4679	προσκλίνω	adherirse a
4680	πρόσκλισις	favoritismo
4681	προσκολλάω	unirse a
4682	πρόσκομμα	tropiezo
4683	προσκοπή	tropiezo
4684	προσκόπτω	tropezar
4685	προσκυλίω	hacer rodar delante de
4686	προσκυνέω	adorar
4687	προσκυνητής	adorador
4688	προσλαλέω	hablar con
4689	προσλαμβάνω	tomar aparte
4691	πρόσλημψις	aceptación
4692	πρόσληψις	aceptación
4693	προσμένω	permanecer con
4694	προσορμίζω	estar anclado
4695	προσοφείλω	deber
4696	προσοχθίζω	enojarse
4697	προσπαίω	golpear contra
4698	πρόσπεινος	hambriento
4699	προσπήγνυμι	clavar en
4700	προσπίπτω	postrarse ante
4701	προσποιέω	fingir
4702	προσπορεύομαι	acercarse a
4703	προσρήγνυμι	golpear contra
4704	προσρήσσω	golpear contra
4705	προστάσσω	ordenar
4706	προστάτις	protectora
4707	προστίθημι	añadir a
4708	προστρέχω	correr hacia
4709	προσφάγιον	pescado
4710	πρόσφατος	nuevo
4711	προσφάτως	recientemente
4712	προσφέρω	traer a
4713	προσφιλής	amable
4714	προσφορά	ofrenda
4715	προσφωνέω	clamar
4716	προσχαίρω	alegrarse
4717	πρόσχυσις	aspersión
4718	προσψαύω	tocar
4719	προσωπολημπτέω	hacer acepción de personas
4720	προσωπολήμπτης	parcial
4721	προσωπολημψία	acepción de personas
4722	προσωποληπτέω	hacer acepción de personas
4723	προσωπολήπτης	parcial
4724	προσωποληψία	acepción de personas
4725	πρόσωπον	rostro
4726	προτάσσω	predeterminar
4727	προτείνω	extender
4728	πρότερος	anterior
4729	προτίθημι	planear
4730	προτρέπω	animar
4731	προτρέχω	correr delante
4732	προϋπάρχω	existir anteriormente
4733	πρόφασις	pretexto
4734	προφέρω	sacar
4735	προφητεία	profecía
4736	προφητεύω	profetizar
4737	προφήτης	profeta
4738	προφητικός	profético
4739	προφῆτις	profetisa
4740	προφθάνω	anticipar
4741	προχειρίζω	elegir
4742	προχειροτονέω	elegir de antemano
4743	Πρόχορος	Prócoro
4744	πρύμνα	popa
4745	πρωί	de madrugada
4746	πρωία	madrugada
4747	πρώϊμος	temprano
4748	πρωϊνός	matutino
4749	πρῷρα	proa
4750	πρωτεύω	ser preeminente
4751	πρωτοκαθεδρία	primeros asientos
4752	πρωτοκλισία	primeros lugares
4753	πρωτόμαρτυς	protomártir
4754	πρῶτον	primeramente
4755	πρῶτος	primero
4756	πρωτοστάτης	cabecilla
4757	πρωτοτόκια	primogenitura
4758	πρωτότοκος	primogénito
4759	πρώτως	por primera vez
4760	πταίω	tropezar
4761	πτέρνα	talón
4762	πτερύγιον	pináculo
4763	πτέρυξ	ala
4764	πτηνός	ave
4765	πτοέω	amedrentarse
4766	πτόησις	espanto
4767	Πτολεμαίς	Tolemaida
4768	πτύον	aventador
4769	πτύρω	intimidarse
4770	πτύσμα	saliva
4771	πτύσσω	enrollar
4772	πτύω	escupir
4773	πτῶμα	cadáver
4774	πτῶσις	caída
4775	πτωχεία	pobreza
4776	πτωχεύω	ser pobre
4777	πτωχός	pobre
4778	πυγμή	puño
4780	Πύθων	espíritu de adivinación
4781	πυκνός	a menudo
4782	πυκτεύω	boxear
4783	πύλη	puerta
4784	πυλών	portón
4785	πυνθάνομαι	preguntar
4786	πῦρ	fuego
4787	πυρά	fuego
4788	πύργος	torre
4789	πυρέσσω	tener fiebre
4790	πυρετός	fiebre
4791	πύρινος	bermejo
4792	πυρόω	quemar
4793	πυρράζω	estar rojo
4794	πυρρός	bermejo
4795	Πύρρος	Pirro
4796	πύρωσις	ardor
4797	πωλέω	vender
4798	πῶλος	pollino
4799	πώποτε	jamás
4800	πωρόω	endurecer
4801	πώρωσις	endurecimiento
4802	πῶς	cómo
4803	πως	de alguna manera
4805	Ῥαάβ	Rahab
4806	ῥαββί	Rabí
4807	ῥαββονί	Raboni
4808	ῥαββουνί	Raboni
4810	ῥαβδίζω	azotar con varas
4811	ῥάβδος	vara
4812	ῥαβδοῦχος	alguacil
4814	Ῥαγαύ	Reu
4815	ῥᾳδιούργημα	crimen
4816	ῥᾳδιουργία	engaño
4817	ῥαίνω	ser rociado
4818	Ῥαιφάν	Renfán
4819	ῥακά	Raca
4820	ῥάκος	trapo
4821	Ῥαμά	Ramá
4822	ῥαντίζω	rociar
4823	ῥαντισμός	aspersión
4824	ῥαπίζω	abofetear
4825	ῥάπισμα	bofetada
4827	ῥαφίς	aguja
4829	Ῥαχάβ	Rahab
4830	Ῥαχήλ	Raquel
4831	Ῥεβέκκα	Rebeca
4832	ῥέδη	carroza
4833	Ῥεμφάν	Remfán
4835	ῥέω	fluir
4836	Ῥήγιον	Regio
4837	ῥῆγμα	destrucción
4838	ῥήγνυμι	reventar
4839	ῥῆμα	palabra
4840	Ῥησά	Resa
4841	ῥήσσω	arrojar violentamente
4842	ῥήτωρ	abogado
4843	ῥητῶς	expresamente
4844	ῥίζα	raíz
4845	ῥιζόω	arraigar
4846	ῥιπή	parpadeo
4847	ῥιπίζω	ser agitado
4848	ῥιπτέω	arrojar fuera
4849	ῥίπτω	arrojar
4850	Ῥοβοάμ	Roboam
4851	Ῥόδη	Rode
4852	Ῥόδος	Rodas
4853	ῥοιζηδόν	con gran estruendo
4854	Ῥομφά	Romfa
4855	ῥομφαία	espada
4856	ῥοπή	inclinación
4857	Ῥουβήν	Rubén
4858	Ῥούθ	Rut
4859	Ῥοῦφος	Rufo
4860	ῥύμη	calle
4861	ῥύομαι	librar
4862	ῥυπαίνω	ser inmundo
4863	ῥυπαρεύω	ensuciarse
4864	ῥυπαρία	inmundicia
4865	ῥυπαρός	sucio
4866	ῥύπος	inmundicia
4867	ῥυπόω	contaminar
4868	ῥύσις	flujo
4869	ῥυτίς	arruga
4870	Ῥωμαϊκός	romano
4871	Ῥωμαῖος	romano
4872	Ῥωμαϊστί	en latín
4873	Ῥώμη	Roma
4874	ῥώννυμι	fortalecerse
4876	σαβαχθάνι	me has desamparado
4877	Σαβαώθ	Señor de los Ejércitos
4878	σαββατισμός	reposo sabático
4879	σάββατον	sábado
4880	σαγήνη	red barredera
4881	Σαδδουκαῖος	saduceo
4882	Σαδώκ	Sadoc
4883	σαίνω	inquietarse
4884	σάκκος	cilicio
4885	Σαλά	Sala
4886	Σαλαθιήλ	Salatiel
4887	Σαλαμίς	Salamina
4888	σαλεύω	sacudir
4889	Σαλήμ	Salem
4890	Σαλίμ	Salim
4891	Σαλμών	Salmón
4892	Σαλμώνη	Salmona
4893	σάλος	oleaje
4894	σάλπιγξ	trompeta
4895	σαλπίζω	tocar la trompeta
4896	σαλπιστής	trompetero
4897	Σαλώμη	Salomé
4898	Σαλωμών	Salomón
4899	Σαμάρεια	Samaria
4901	Σαμαρίτης	samaritano
4902	Σαμαρῖτις	samaritana
4903	Σαμοθρᾴκη	Samotracia
4904	Σάμος	Samos
4905	Σαμουήλ	Samuel
4906	Σαμφουρειν	Séforis
4907	Σαμψών	Sansón
4908	σανδάλιον	sandalia
4909	σανίς	tabla
4910	Σαούλ	Saúl
4911	σαπρός	malo
4912	Σάπφιρα	Safira
4913	σάπφιρος	zafiro
4914	σαργάνη	canasta
4915	Σάρδεις	Sardis
4916	σάρδινος	cornalina
4917	σάρδιον	cornalina
4918	σαρδόνυξ	sardónice
4919	Σάρεπτα	Sarepta
4920	σαρκικός	carnal
4921	σάρκινος	de carne
4922	σάρξ	carne
4923	Σαρούχ	Serug
4924	σαρόω	barrer
4925	Σάρρα	Sara
4926	Σαρών	Sarón
4927	Σατάν	Satán
4928	Σατανᾶς	Satanás
4929	σάτον	sea
4930	Σαῦλος	Saulo
4931	σβέννυμι	apagar
4932	σεαυτοῦ	ti mismo
4933	σεβάζομαι	adorar
4934	σέβασμα	objeto de culto
4935	σεβαστός	venerable
4936	σέβω	adorar
4937	σειρά	cadena
4938	σειρός	foso
4939	σεισμός	terremoto
4940	σείω	sacudir
4941	Σεκοῦνδος	Segundo
4942	Σελεύκεια	Seleucia
4943	σελήνη	luna
4944	σεληνιάζομαι	tener convulsiones
4946	Σεμείν	Semei
4947	σεμίδαλις	flor de harina
4948	σεμνός	honorable
4949	σεμνότης	santidad
4950	Σέργιος	Sergio
4952	Σερούχ	Serug
4953	Σήθ	Set
4954	Σήμ	Sem
4955	σημαίνω	dar a conocer
4956	σημεῖον	señal
4957	σημειόω	señalar
4958	σήμερον	hoy
4960	σήπω	pudrirse
4961	σηρικός	sedoso
4962	σής	polilla
4963	σητόβρωτος	apolillado
4964	σθενόω	fortalecer
4965	σιαγών	mejilla
4966	σιαίνομαι	perturbarse
4967	σιγάω	callar
4968	σιγή	silencio
4969	σιδήρεος	de hierro
4970	σίδηρος	hierro
4971	σιδηροῦς	de hierro
4972	Σιδών	Sidón
4973	Σιδώνιος	sidonio
4974	σικάριος	sicario
4975	σίκερα	sidra
4976	Σίλας	Silas
4977	Σιλουανός	Silvano
4978	Σιλωάμ	Siloé
4979	Σιμαίας	Simaías
4980	σιμικίνθιον	delantal
4981	Σίμων	Simón
4982	Σινά	Sinaí
4983	σίναπι	mostaza
4984	σινδών	lino
4985	σινιάζω	zarandear
4986	σιρικός	de seda
4987	σιρός	calabozo
4988	σιτευτός	cebado
4989	σιτίον	grano
4990	σιτιστός	cebado
4991	σιτομέτριον	ración de comida
4992	σῖτος	trigo
4993	Σιχέμ	Sicar
4994	Σιών	Sión
4995	σιωπάω	callar
4996	σιωπῇ	en silencio
4997	σκανδαλίζω	hacer pecar
4998	σκάνδαλον	tropiezo
4999	σκάπτω	cavar
5000	Σκαριώθ	Iscariote
5002	σκάφη	esquife
5003	σκέλος	pierna
5004	σκέπασμα	ropa
5005	Σκευᾶς	Esceva
5006	σκευή	aparejo
5007	σκεῦος	posesión
5008	σκηνή	tabernáculo
5009	σκηνοπηγία	Tabernáculos
5010	σκηνοποιός	fabricante de tiendas
5011	σκῆνος	tienda
5012	σκηνόω	habitar
5013	σκήνωμα	tienda
5014	σκιά	sombra
5015	σκιρτάω	saltar
5016	σκληροκαρδία	dureza de corazón
5017	σκληρός	duro
5018	σκληρότης	dureza
5019	σκληροτράχηλος	duro de cerviz
5020	σκληρύνω	endurecer
5021	σκολιός	torcido
5022	σκόλοψ	aguijón
5023	σκοπέω	vigilar
5024	σκοπός	meta
5025	σκορπίζομαι	esparcir
5026	σκορπίος	escorpión
5027	σκοτεινός	oscuro
5028	σκοτία	tinieblas
5029	σκοτίζομαι	oscurecerse
5030	σκότος	tinieblas
5031	σκοτόω	entenebrecerse
5032	σκύβαλον	basura
5033	Σκύθης	Escita
5034	σκυθρωπός	poner cara triste
5035	σκύλλω	acosar
5036	σκῦλον	botín
5037	σκωληκόβρωτος	comido de gusanos
5038	σκώληξ	gusano
5039	σμαράγδινος	esmeralda
5040	σμάραγδος	esmeralda
5043	σμύρνα	mirra
5044	Σμύρνα	Esmirna
5045	Σμυρναῖος	Esmirneo
5046	σμυρνίζω	mezclar con mirra
5047	Σόδομα	Sodoma
5048	Σολομών	Salomón
5049	σορός	féretro
5050	σός	tuyo
5051	σουδάριον	sudario
5052	Σουσάννα	Susana
5053	σοφία	sabiduría
5054	σοφίζω	hacer sabio
5055	σοφός	sabio
5056	Σπανία	España
5057	σπαράσσω	convulsionar
5058	σπαργανόω	envolver en pañales
5059	σπαταλάω	vivir en deleites
5060	σπάω	sacar
5061	σπεῖρα	cohorte
5062	σπείρω	sembrar
5063	σπεκουλάτωρ	verdugo
5064	σπένδω	ser derramado como libación
5065	σπέρμα	simiente
5066	σπερμολόγος	palabrero
5067	σπεύδω	apresurarse
5068	σπήλαιον	cueva
5069	σπιλάς	mancha
5070	σπίλος	mancha
5071	σπιλόω	contaminar
5072	σπλαγχνίζομαι	compadecerse
5073	σπλάγχνον	entrañas
5074	σπόγγος	esponja
5075	σποδός	ceniza
5076	σπορά	simiente
5077	σπόριμος	sembrado
5078	σπόρος	semilla
5079	σπουδάζω	procurar con diligencia
5080	σπουδαῖος	diligente
5081	σπουδαίως	diligentemente
5082	σπουδή	prontitud
5083	σπυρίς	canasta
5084	στάδιον	estadio
5085	στάμνος	urna
5086	στασιαστής	insurrecto
5087	στάσις	permanencia
5088	στατήρ	estatero
5089	σταυρός	cruz
5090	σταυρόω	crucificar
5091	σταφυλή	uvas
5092	στάχυς	espiga
5093	Στάχυς	Estaquio
5094	στέγη	techo
5095	στέγω	soportar
5096	στεῖρα	esterilidad
5097	στέλλω	apartarse
5098	στέμμα	guirnalda
5099	στεναγμός	gemido
5100	στενάζω	gemir
5101	στενός	estrecho
5102	στενοχωρέω	angustiar
5103	στενοχωρία	angustia
5104	στερεός	sólido
5105	στερεόω	fortalecer
5106	στερέωμα	firmeza
5107	Στεφανᾶς	Estéfanas
5108	Στέφανος	Esteban
5109	στέφανος	corona
5110	στεφανόω	coronar
5111	στῆθος	pecho
5112	στήκω	estar firme
5113	στηριγμός	firmeza
5114	στηρίζω	fortalecer
5115	στιβάς	rama
5116	στίγμα	marca
5117	στιγμή	instante
5118	στίλβω	deslumbrar
5119	στοά	pórtico
5120	στοιβάς	rama
5121	Στοϊκός	estoico
5122	στοιχεῖον	rudimento
5123	στοιχέω	seguir
5124	στολή	vestidura
5125	στόμα	boca
5126	στόμαχος	estómago
5127	στρατεία	milicia
5128	στράτευμα	ejército
5129	στρατεύομαι	militar
5130	στρατηγός	magistrado
5131	στρατιά	hueste
5132	στρατιώτης	soldado
5133	στρατολογέω	reclutar
5134	στρατοπεδάρχης	comandante militar
5135	στρατοπέδαρχος	comandante militar
5136	στρατόπεδον	campamento
5137	στρεβλόω	torcer
5138	στρέφω	volver
5139	στρηνιάω	vivir en lujo
5140	στρῆνος	lujo
5141	στρουθίον	gorrión
5142	στρώννυμι	tender
5143	στρωννύω	tender
5144	στυγητός	aborrecido
5145	στυγνάζω	entristecerse
5146	στῦλος	columna
5147	Στωϊκός	estoico
5148	σύ	tú
5149	συγγένεια	parentela
5150	συγγενής	pariente
5151	συγγενίς	parienta
5152	συγγνώμη	concesión
5153	συγκάθημαι	sentarse con
5154	συγκαθίζω	sentarse juntos
5155	συγκακοπαθέω	sufrir juntamente con
5156	συγκακουχέομαι	ser maltratado con
5157	συγκαλέω	convocar
5158	συγκαλύπτω	ocultar
5159	συγκάμπτω	estar encorvado
5160	συγκαταβαίνω	venir
5161	συγκατάθεσις	acuerdo
5162	συγκατανεύω	asentir
5163	συγκατατίθημι	consentir
5164	συγκαταψηφίζομαι	ser añadido
5165	σύγκειμαι	reclinarse juntos
5166	συγκεράννυμι	mezclar
5167	συγκινέω	alborotar
5168	συγκλείω	encerrar
5169	συγκληρονόμος	coheredero
5170	συγκοινωνέω	compartir con
5171	συγκοινωνός	copartícipe
5172	συγκομίζω	sepultar
5173	συγκρίνω	expresar
5174	συγκύπτω	encorvarse
5175	συγκυρία	casualidad
5176	συγχαίρω	regocijarse con
5177	συγχέω	confundir
5178	συγχράομαι	asociarse con
5179	συγχύν(ν)ω	confundir
5180	σύγχυσις	confusión
5181	συγχωρέω	permitir
5182	συζάω	vivir con
5183	συζεύγνυμι	juntar
5184	συζητέω	discutir
5185	συζήτησις	disputa
5186	συζητητής	filósofo
5187	σύζυγος	compañero de yugo
5188	συζωοποιέω	vivificar juntamente con
5189	συκάμινος	morera
5190	συκῆ	higuera
5191	συκομορέα	sicómoro
5192	σῦκον	higo
5193	συκοφαντέω	calumniar
5194	συλαγωγέω	llevar cautivo
5195	συλάω	despojar
5196	συλλαλέω	hablar con
5197	συλλαμβάνω	prender
5198	συλλέγω	recoger
5199	συλλογίζομαι	razonar entre sí
5200	συλλυπέω	entristecerse profundamente
5201	συμβαίνω	suceder
5202	συμβάλλω	discutir con
5203	συμβασιλεύω	reinar con
5204	συμβιβάζω	estar unidos
5205	συμβουλεύω	aconsejar
5206	συμβούλιον	plan
5207	σύμβουλος	consejero
5208	Συμεών	Simeón
5209	συμμαθητής	condiscípulo
5210	συμμαρτυρέω	dar testimonio con
5211	συμμερίζω	compartir con
5212	συμμέτοχος	copartícipe
5213	συμμιμητής	coimitador
5214	συμμορφίζω	hacerse semejante
5215	σύμμορφος	conforme
5216	συμμορφόω	conformar
5217	συμπαθέω	compadecerse de
5218	συμπαθής	compasivo
5219	συμπαραγίνομαι	reunirse
5220	συμπαρακαλέω	ser mutuamente confortados
5221	συμπαραλαμβάνω	llevar consigo
5222	συμπαραμένω	permanecer con para ayudar
5223	συμπάρειμι	estar presente con
5224	συμπάσχω	padecer con
5225	συμπέμπω	enviar con
5226	συμπεριέχω	rodear
5227	συμπεριλαμβάνω	abrazar
5228	συμπίνω	beber con
5229	συμπίπτω	desplomarse
5230	συμπληρόω	anegarse
5231	συμπνίγω	ahogar
5232	συμπολίτης	conciudadano
5233	συμπορεύομαι	ir con
5234	συμποσία	comida en común
5235	συμπόσιον	grupo
5236	συμπρεσβύτερος	copresbítero
5237	συμφέρω	reunir
5238	σύμφημι	estar de acuerdo con
5239	σύμφορος	provechoso
5240	συμφορτίζω	cargar juntamente con otros
5241	συμφυλέτης	compatriota
5242	σύμφυτος	unidos
5243	συμφύω	crecer juntamente con
5244	συμφωνέω	estar de acuerdo con
5245	συμφώνησις	armonía
5246	συμφωνία	música
5247	σύμφωνος	de común acuerdo
5248	συμψηφίζω	calcular
5249	σύμψυχος	unánimes
5250	σύν	con
5251	συνάγω	reunir
5252	συναγωγή	sinagoga
5253	συναγωνίζομαι	luchar juntamente
5254	συναθλέω	combatir al lado de
5255	συναθροίζω	reunir
5256	συναίρω	ajustar cuentas
5257	συναιχμάλωτος	compañero de prisión
5258	συνακολουθέω	seguir
5259	συναλίζω	comer con
5260	συναλίσκομαι	ser tomado cautivo con
5261	συναλλάσσω	reconciliar
5262	συναναβαίνω	subir con
5263	συνανάκειμαι	comer con
5264	συναναμείγνυμι	juntarse con
5265	συναναπαύομαι	descansar juntos
5266	συναναστρέφομαι	tratar con
5267	συναντάω	encontrarse con
5268	συνάντησις	encuentro
5269	συναντιλαμβάνομαι	ayudar
5270	συναπάγω	ser arrastrado
5271	συναποθνῄσκω	morir con
5272	συναπόλλυμι	perecer con
5273	συναποστέλλω	enviar con
5274	συναρμολογέω	estar bien ensamblado
5275	συναρπάζω	arrebatar
5277	συναυξάνω	crecer juntos
5278	σύνδεσμος	vínculo
5279	συνδέω	ser encarcelado con
5280	συνδοξάζω	ser glorificado con
5281	σύνδουλος	consiervo
5282	συνδρομή	concurrencia
5283	συνεγείρω	resucitar con
5284	συνέδριον	Sanedrín
5285	συνέδριος	miembro del concilio
5287	συνείδησις	conciencia
5289	σύνειμι	estar con
5290	σύνειμι	reunirse
5291	συνεισέρχομαι	entrar con
5292	συνέκδημος	compañero de viaje
5293	συνεκλεκτός	escogido juntamente con
5294	συνεκπορεύομαι	salir con
5295	συνελαύνω	conducir
5296	συνεπιμαρτυρέω	dar testimonio juntamente
5297	συνεπίσκοπος	coobispo
5298	συνεπιτίθημι	unirse en una acusación
5299	συνέπομαι	acompañar
5300	συνεργέω	cooperar
5301	συνεργός	colaborador
5302	συνέρχομαι	reunirse
5303	συνεσθίω	comer con
5304	σύνεσις	entendimiento
5305	συνετός	entendido
5306	συνευδοκέω	consentir
5307	συνευωχέομαι	banquetear con
5308	συνεφίστημι	unirse a un ataque
5309	συνέχω	cubrir
5310	συνήδομαι	deleitarse
5311	συνήθεια	costumbre
5312	συνηλικιώτης	coetáneo
5313	συνθάπτω	ser sepultado con
5314	συνθλάω	ser hecho pedazos
5315	συνθλίβω	apretar
5316	συνθρύπτω	quebrantar
5317	συνίημι	entender
5318	συνιστάω	recomendar
5319	συνίστημι	recomendar
5321	συνοδεύω	viajar con
5322	συνοδία	caravana
5323	σύνοιδα	compartir conocimiento con
5324	συνοικέω	vivir con
5325	συνοικοδομέω	ser edificados juntamente
5326	συνομιλέω	hablar con
5327	συνομορέω	lindar con
5328	συνοράω	darse cuenta
5329	συνορία	país vecino
5330	συνοχή	angustia
5331	συνταράσσω	perturbar
5332	συντάσσω	mandar
5333	συντέλεια	consumación
5334	συντελέω	consumar
5335	συντέμνω	abreviar
5336	συντεχνίτης	compañero de oficio
5337	συντηρέω	guardar
5338	συντίθημι	convenir
5339	συντόμως	brevemente
5340	συντρέχω	correr juntamente
5341	συντρίβω	quebrantar
5342	σύντριμμα	quebranto
5343	σύντροφος	criado con
5344	συντυγχάνω	encontrarse con
5345	Συντύχη	Síntique
5346	συντυχία	suceso
5347	συνυποκρίνομαι	participar en la hipocresía
5348	συνυπουργέω	cooperar
5349	συνωδίνω	padecer dolores de parto juntamente
5350	συνωμοσία	conspiración
5351	Σύρα	siria
5352	Συράκουσαι	Siracusa
5353	Συρία	Siria
5354	Σύρος	sirio
5355	Συροφοινίκισσα	mujer sirofenicia
5357	συρρήγνυμι	chocar
5358	Σύρτις	Sirte
5359	σύρω	arrastrar
5360	συσπαράσσω	hacer convulsionar
5361	σύσσημον	señal
5362	σύσσωμος	miembro del mismo cuerpo
5363	συστασιαστής	compañero de insurrección
5364	συστατικός	recomendatorio
5365	συσταυρόω	ser crucificado con
5366	συστέλλω	envolver
5367	συστενάζω	gemir juntamente
5368	συστοιχέω	corresponder
5369	συστρατιώτης	compañero de milicia
5370	συστρέφω	recoger
5371	συστροφή	alboroto
5372	συσχηματίζω	conformarse
5373	Συχάρ	Sicar
5374	Συχέμ	Siquem
5375	σφαγή	matanza
5376	σφάγιον	víctima
5377	σφάζω	matar
5379	σφόδρα	en gran manera
5380	σφοδρῶς	violentamente
5381	σφραγίζω	sellar
5382	σφραγίς	sello
5383	σφυδρόν	tobillo
5384	σφυρόν	tobillo
5385	σχεδόν	casi
5386	σχῆμα	apariencia
5387	σχίζω	rasgar
5388	σχίσμα	rotura
5389	σχοινίον	cuerdas
5390	σχολάζω	dedicarse
5391	σχολή	escuela
5392	σῴζω	salvar
5393	σῶμα	cuerpo
5394	σωματικός	corporal
5395	σωματικῶς	corporalmente
5396	Σώπατρος	Sópater
5397	σωρεύω	amontonar
5398	Σωσθένης	Sóstenes
5399	Σωσίπατρος	Sosípater
5400	σωτήρ	Salvador
5401	σωτηρία	salvación
5402	σωτήριον	salvación
5403	σωτήριος	que trae salvación
5404	σωφρονέω	estar en su juicio cabal
5405	σωφρονίζω	instruir
5406	σωφρονισμός	dominio propio
5407	σωφρόνως	con dominio propio
5408	σωφροσύνη	modestia
5409	σώφρων	dueño de sí mismo
5411	ταβέρναι	taberna
5412	Ταβιθά	Tabita
5413	τάγμα	orden
5414	τακτός	señalado
5415	ταλαιπωρέω	afligir
5416	ταλαιπωρία	miseria
5417	ταλαίπωρος	miserable
5418	ταλαντιαῖος	que pesa un talento
5419	τάλαντον	talento
5420	ταλιθά	niña
5421	ταμεῖον	aposento
5422	ταμιεῖον	en cuanto a lo presente
5423	τάξις	orden
5424	ταπεινός	humilde
5425	ταπεινοφροσύνη	humildad
5426	ταπεινόφρων	humilde
5427	ταπεινόω	humillar
5428	ταπείνωσις	humillación
5429	ταράσσω	turbar
5430	ταραχή	alboroto
5431	τάραχος	tumulto
5432	Ταρσεύς	Tarso
5433	Ταρσός	Tarso
5434	ταρταρόω	arrojar al infierno
5435	τάσσω	designar
5436	ταῦρος	toro
5438	ταφή	sepultura
5439	τάφος	sepulcro
5440	τάχα	quizá
5441	ταχέως	rápidamente
5442	ταχινός	rápido
5443	τάχος	rapidez
5444	ταχύς	rápido
5445	τε	y
5446	τεῖχος	muro
5447	τεκμήριον	prueba indubitable
5448	τεκνίον	hijitos
5449	τεκνογονέω	tener hijos
5450	τεκνογονία	maternidad
5451	τέκνον	hijo
5452	τεκνοτροφέω	criar hijos
5453	τεκνόω	dar a luz
5454	τέκτων	carpintero
5455	τέλειος	perfecto
5456	τελειότης	perfección
5457	τελειόω	perfeccionar
5458	τελείως	perfectamente
5459	τελείωσις	perfección
5460	τελειωτής	consumador
5461	τελεσφορέω	madurar
5462	τελευτάω	morir
5463	τελευτή	muerte
5464	τελέω	terminar
5465	τέλος	fin
5467	τελώνης	publicano
5468	τελώνιον	banco de los tributos públicos
5469	τέρας	prodigio
5470	Τέρτιος	Tercio
5471	Τέρτουλλος	Tértulo
5472	Τέρτυλλος	Tértulo
5473	τεσσεράκοντα	cuarenta
5474	τεσσαρακονταετής	cuarenta años
5475	τέσσαρες	cuatro
5476	τεσσαρεσκαιδέκατος	decimocuarto
5477	τεσσεράκοντα	cuarenta
5478	τεσσερακονταετής	cuarenta años
5479	τεταρταῖος	cuarto
5480	τέταρτος	cuarto
5481	τετράγωνος	cuadrado
5482	τετράδιον	cuaternión de soldados
5483	τετρακισχίλιοι	cuatro mil
5484	τετρακόσιοι	cuatrocientos
5485	τετράμηνος	cuatro meses
5486	τετραπλόος	cuatro veces
5487	τετραπλοῦς	cuatro veces
5488	τετράπους	cuadrúpedo
5489	τετρααρχέω	ser tetrarca
5490	τετραάρχης	tetrarca
5491	τεφρόω	reducir a cenizas
5492	τέχνη	arte
5493	τεχνίτης	artesano
5494	τήκω	fundirse
5495	τηλαυγῶς	claramente
5496	τηλικοῦτος	tan grande
5497	τηνικαῦτα	en aquel tiempo
5498	τηρέω	guardar
5499	τήρησις	cárcel
5500	Τιβεριάς	Tiberíades
5501	Τιβέριος	Tiberio
5502	τίθημι	poner
5503	τίκτω	dar a luz
5504	τίλλω	arrancar
5505	Τιμαῖος	Timeo
5506	τιμάω	honrar
5507	τιμή	honor
5508	τίμιος	precioso
5509	τιμιότης	riqueza
5510	Τιμόθεος	Timoteo
5511	Τίμων	Timón
5512	τιμωρέω	castigar
5513	τιμωρία	castigo
5514	τίνω	pagar
5515	τίς	¿quién?
5516	τις	alguien
5517	Τίτιος	Ticio
5518	τίτλος	título
5519	Τίτος	Tito
5521	τοιγαροῦν	por tanto
5523	τοίνυν	así que
5524	τοιόσδε	tal como este
5525	τοιοῦτος	tal
5526	τοῖχος	muro
5527	τόκος	interés
5528	τολμάω	atreverse
5529	τολμηρός	audaz
5530	τολμηρότερον	más audazmente
5531	τολμηροτέρως	más audazmente
5532	τολμητής	hombre audaz
5533	τομός	cortante
5534	τόξον	arco
5535	τοπάζιον	topacio
5536	τόπος	lugar
5537	τοσοῦτος	tan grande
5538	τότε	entonces
5539	τοὐναντίον	por el contrario
5540	τοὔνομα	llamado
5542	τουτέστι(ν)	es decir
5543	τράγος	macho cabrío
5544	τράπεζα	mesa
5545	τραπεζίτης	banquero
5546	τραῦμα	heridas
5547	τραυματίζω	herir
5548	τραχηλίζω	quedar al descubierto
5549	τράχηλος	cuello
5550	τραχύς	áspero
5551	Τραχωνῖτις	Traconite
5552	τρεῖς	tres
5553	Τρεῖς ταβέρναι	Tres Tabernas
5554	τρέμω	temblar
5555	τρέφω	cuidar
5556	τρέχω	correr
5557	τρῆμα	ojo
5558	τριάκοντα	treinta
5559	τριακόσιοι	trescientos
5560	τρίβολος	abrojos
5561	τρίβος	senda
5562	τριετία	tres años
5563	τρίζω	crujir
5564	τρίμηνος	tres meses
5565	τρίς	tres veces
5566	τρίστεγον	tercer piso
5567	τρισχίλιοι	tres mil
5568	τρίτον	por tercera vez
5569	τρίτος	tercero
5570	τρίχινος	de pelo
5571	τρόμος	temblor
5572	τροπή	variación
5573	τρόπος	manera
5574	τροποφορέω	soportar
5575	τροφή	alimento
5576	Τρόφιμος	Trófimo
5577	τροφός	nodriza
5578	τροφοφορέω	cuidar
5579	τροχιά	senda
5580	τροχός	rueda
5581	τρύβλιον	plato
5582	τρυγάω	vendimiar
5583	τρυγών	tórtolas
5584	τρυμαλιά	ojo
5585	τρύπημα	ojo
5586	Τρύφαινα	Trifena
5587	τρυφάω	vivir en deleites
5588	τρυφή	lujo
5589	Τρυφῶσα	Trifosa
5590	Τρῳάς	Troas
5591	Τρωγύλλιον	Trogilio
5592	τρώγω	comer
5593	τυγχάνω	participar
5594	τυμπανίζω	ser torturado
5595	τυπικῶς	como ejemplo
5596	τύπος	modelo
5597	τύπτω	golpear
5598	Τύραννος	Tirano
5599	τύραννος	tirano
5600	τυρβάζω	afanarse
5601	Τύριος	tirio
5602	Τύρος	Tiro
5603	τυφλός	ciego
5604	τυφλόω	cegar
5605	τυφόω	envanecerse
5606	τύφω	humear
5607	τυφωνικός	huracanado
5608	Τυχικός	Tíquico
5610	ὑακίνθινος	azul oscuro
5611	ὑάκινθος	jacinto
5612	ὑάλινος	de vidrio
5613	ὕαλος	vidrio
5614	ὑβρίζω	ultrajar
5615	ὕβρις	ultraje
5616	ὑβριστής	insolente
5617	ὑγιαίνω	estar sano
5618	ὑγιής	sano
5619	ὑγρός	húmedo
5620	ὑδρία	tinaja
5621	ὑδροποτέω	beber agua
5622	ὑδρωπικός	hidrópico
5623	ὕδωρ	agua
5624	ὑετός	lluvia
5625	υἱοθεσία	adopción
5626	υἱός	hijo
5627	ὕλη	bosque
5628	Ὑμέναιος	Himeneo
5629	ὑμέτερος	vuestro
5630	ὑμνέω	cantar himnos
5631	ὕμνος	himno
5632	ὑπάγω	ir
5633	ὑπακοή	obediencia
5634	ὑπακούω	obedecer
5635	ὕπανδρος	casada
5636	ὑπαντάω	salir al encuentro
5637	ὑπάντησις	encuentro
5638	ὕπαρξις	bienes
5639	ὑπάρχω	tener
5640	ὑπείκω	someterse
5641	ὑπεναντίος	contrario
5642	ὑπέρ	sobre
5643	ὑπεραίρω	envanecerse
5644	ὑπέρακμος	pasada la flor de la edad
5645	ὑπεράνω	muy por encima
5646	ὑπερασπίζω	proteger
5647	ὑπεραυξάνω	crecer más y más
5648	ὑπερβαίνω	agraviar
5649	ὑπερβαλλόντως	sobremanera
5650	ὑπερβάλλω	exceder
5651	ὑπερβολή	excelencia
5654	ὑπερέκεινα	más allá
5655	ὑπερεκπερισσοῦ	sobreabundantemente
5656	ὑπερεκπερισσῶς	sobremanera
5657	ὑπερεκτείνω	extralimitarse
5658	ὑπερεκχύννω	rebosar
5659	ὑπερεντυγχάνω	interceder
5660	ὑπερέχω	gobernar
5661	ὑπερηφανία	soberbia
5662	ὑπερήφανος	soberbio
5663	ὑπερλίαν	sobremanera
5664	ὑπερνικάω	vencer completamente
5665	ὑπέρογκος	jactancioso
5666	ὑπεροράω	pasar por alto
5667	ὑπεροχή	autoridad
5668	ὑπερπερισσεύω	sobreabundar
5669	ὑπερπερισσῶς	sobremanera
5670	ὑπερπλεονάζω	sobreabundar
5671	ὑπερυψόω	exaltar hasta lo sumo
5672	ὑπερφρονέω	ensoberbecerse
5673	ὑπερῷον	aposento alto
5674	ὑπέχω	experimentar
5675	ὑπήκοος	obediente
5676	ὑπηρετέω	servir
5677	ὑπηρέτης	sirviente
5678	ὕπνος	sueño
5679	ὑπό	por
5680	ὑποβάλλω	sobornar
5681	ὑπογραμμός	ejemplo
5682	ὑπόδειγμα	ejemplo
5683	ὑποδείκνυμι	mostrar
5684	ὑποδεικνύω	mostrar
5685	ὑποδέχομαι	recibir
5686	ὑποδέω	ponerse
5687	ὑπόδημα	sandalia
5688	ὑπόδικος	responsable
5689	ὑποζύγιον	asno
5690	ὑποζώννυμι	ceñir por debajo
5691	ὑποκάτω	debajo
5692	ὑπόκειμαι	yacer debajo
5693	ὑποκρίνομαι	fingir
5694	ὑπόκρισις	hipocresía
5695	ὑποκριτής	hipócrita
5696	ὑπολαμβάνω	tomar
5697	ὑπολαμπάς	ventana
5698	ὑπόλειμμα	remanente
5699	ὑπολείπω	quedar
5700	ὑπολήνιον	lagar
5701	ὑπολιμπάνω	dejar atrás
5702	ὑπομένω	quedarse atrás
5703	ὑπομιμνῄσκω	recordar
5704	ὑπόμνησις	recordatorio
5705	ὑπομονή	perseverancia
5706	ὑπονοέω	pensar
5707	ὑπόνοια	sospecha
5708	ὑποπιάζω	agotar
5709	ὑποπλέω	navegar a sotavento de
5710	ὑποπνέω	soplar suavemente
5711	ὑποπόδιον	estrado
5712	ὑπόστασις	confianza
5713	ὑποστέλλω	retroceder
5714	ὑποστολή	retroceso
5715	ὑποστρέφω	volver
5716	ὑποστρωννύω	tender
5717	ὑποταγή	obediencia
5718	ὑποτάσσω	someter
5719	ὑποτίθημι	arriesgar
5720	ὑποτρέχω	navegar al abrigo de
5721	ὑποτύπωσις	ejemplo
5722	ὑποφέρω	soportar
5723	ὑποχωρέω	retirarse
5724	ὑπωπιάζω	agotar
5725	ὗς	puerca
5726	ὑσσός	jabalina
5727	ὕσσωπος	hisopo
5728	ὑστερέω	faltar
5729	ὑστέρημα	lo que falta
5730	ὑστέρησις	necesidad
5731	ὕστερος	posterior
5732	ὑφαίνω	tejer
5733	ὑφαντός	tejido
5734	ὑψηλός	alto
5735	ὑψηλοφρονέω	ensoberbecerse
5736	ὕψιστος	Altísimo
5737	ὕψος	altura
5738	ὑψόω	elevar
5739	ὕψωμα	altura
5741	φάγος	glotón
5742	φαιλόνης	capa
5743	φαίνω	brillar
5744	Φάλεκ	Peleg
5745	φανερός	visible
5746	φανερόω	manifestar
5747	φανερῶς	abiertamente
5748	φανέρωσις	manifestación
5749	φανός	antorcha
5750	Φανουήλ	Fanuel
5751	φαντάζω	aparecer
5752	φαντασία	pompa
5753	φάντασμα	fantasma
5754	φάραγξ	valle
5755	Φαραώ	Faraón
5756	Φαρές	Fares
5757	Φαρισαῖος	fariseo
5758	φαρμακεία	hechicería
5759	φαρμακεύς	hechicero
5760	φάρμακον	poción mágica
5761	φάρμακος	hechicero
5762	φάσις	noticia
5763	φάσκω	pretender
5764	φάτνη	pesebre
5765	φαῦλος	malo
5766	φέγγος	resplandor
5767	φείδομαι	perdonar
5768	φειδομένως	escasamente
5769	φελόνης	capa
5770	φέρω	traer
5771	φεύγω	huir
5772	Φῆλιξ	Félix
5773	φήμη	fama
5774	φημί	decir
5775	φημίζω	divulgar
5776	Φῆστος	Festo
5777	φθάνω	preceder
5778	φθαρτός	corruptible
5779	φθέγγομαι	hablar
5780	φθείρω	destruir
5781	φθινοπωρινός	otoñal
5782	φθόγγος	voz
5783	φθονέω	envidiar
5784	φθόνος	envidia
5785	φθορά	corrupción
5786	φιάλη	copa
5787	φιλάγαθος	amante de lo bueno
5788	Φιλαδέλφεια	Filadelfia
5789	φιλαδελφία	amor fraternal
5790	φιλάδελφος	fraternal
5791	φίλανδρος	amadoras de sus maridos
5792	φιλανθρωπία	amor
5793	φιλανθρώπως	humanamente
5794	φιλαργυρία	amor al dinero
5795	φιλάργυρος	avaro
5796	φίλαυτος	amador de sí mismo
5797	φιλέω	amar
5798	φιλήδονος	amador de los placeres
5799	φίλημα	beso
5800	Φιλήμων	Filemón
5801	Φίλητος	Fileto
5802	φιλία	amistad
5803	Φιλιππήσιος	Filipense
5804	Φίλιπποι	Filipos
5805	Φίλιππος	Felipe
5806	φιλόθεος	amador de Dios
5807	Φιλόλογος	Filólogo
5808	φιλονεικία	contienda
5809	φιλόνεικος	contencioso
5810	φιλοξενία	hospitalidad
5811	φιλόξενος	hospitalario
5812	φιλοπρωτεύω	amar ser el primero
5813	φίλος	amigable
5814	φιλοσοφία	filosofía
5815	φιλόσοφος	filósofo
5816	φιλόστοργος	afectuoso
5817	φιλότεκνος	amante de los hijos
5818	φιλοτιμέομαι	aspirar
5819	φιλοφρόνως	hospitalariamente
5820	φιλόφρων	bien dispuesto
5821	φιμόω	poner bozal
5823	Φλέγων	Flegón
5824	φλογίζω	encender
5825	φλόξ	llama
5826	φλυαρέω	chismear
5827	φλύαρος	chismoso
5828	φοβέομαι	temer
5829	φοβερός	temible
5831	φόβητρον	terror
5832	φόβος	temor
5833	Φοίβη	Febe
5834	Φοινίκη	Fenicia
5836	φοῖνιξ	palmera
5837	Φοῖνιξ	Fenice
5838	φονεύς	homicida
5839	φονεύω	asesinar
5840	φόνος	homicidio
5841	φορέω	llevar
5842	φόρον	foro
5843	φόρος	tributo
5844	φορτίζω	cargar
5845	φορτίον	carga
5846	φόρτος	carga
5847	Φορτουνᾶτος	Fortunato
5848	φραγέλλιον	azote
5849	φραγελλόω	azotar
5850	φραγμός	barrera
5851	φράζω	explicar
5852	φράσσω	cerrar
5853	φρέαρ	pozo
5854	φρεναπατάω	engañar
5855	φρεναπάτης	engañador
5856	φρήν	entendimiento
5857	φρίσσω	estremecerse
5858	φρονέω	pensar
5859	φρόνημα	mente
5860	φρόνησις	prudencia
5861	φρόνιμος	prudente
5862	φρονίμως	prudentemente
5863	φροντίζω	procurar
5864	φρουρέω	guardar
5865	φρυάσσω	amotinarse
5866	φρύγανον	leña
5867	Φρυγία	Frigia
5868	φυγαδεύω	desterrar
5869	Φύγελος	Figelo
5870	φυγή	huida
5871	φυλακή	cárcel
5872	φυλακίζω	encarcelar
5873	φυλακτήριον	filacteria
5874	φύλαξ	guardia
5875	φυλάσσω	obedecer
5876	φυλή	tribu
5877	φύλλον	hoja
5878	φύραμα	masa
5879	φυσικός	natural
5880	φυσικῶς	naturalmente
5881	φυσιόω	envanecer
5882	φύσις	naturaleza
5883	φυσίωσις	soberbia
5884	φυτεία	planta
5885	φυτεύω	plantar
5886	φύω	crecer
5887	φωλεός	guarida
5888	φωνέω	llamar
5889	φωνή	voz
5890	φῶς	luz
5891	φωστήρ	lumbrera
5892	φωσφόρος	lucero
5893	φωτεινός	luminoso
5894	φωτίζω	alumbrar
5895	φωτισμός	iluminación
5897	χαίρω	regocijarse
5898	χάλαζα	granizo
5899	χαλάω	bajar
5900	Χαλδαῖος	caldeo
5901	χαλεπός	difícil
5902	χαλιναγωγέω	refrenar
5903	χαλινός	freno
5904	χαλινόω	refrenar
5905	χάλκεος	de bronce
5906	χαλκεύς	calderero
5907	χαλκηδών	calcedonia
5908	χαλκίον	caldero
5909	χαλκολίβανον	bronce bruñido
5910	χαλκός	bronce
5911	χαλκοῦς	de bronce
5912	χαμαί	a tierra
5913	Χανάαν	Canaán
5914	Χαναναῖος	cananeo
5915	χαρά	gozo
5916	χάραγμα	marca
5917	χαρακτήρ	representación exacta
5918	χάραξ	vallado
5919	χαρίζομαι	conceder gracia
5920	χάριν	por tanto
5921	χάρις	gracia
5922	χάρισμα	don
5923	χαριτόω	favorecer
5924	Χαρράν	Harán
5925	χάρτης	papiro
5926	χάσμα	abismo
5927	χεῖλος	labio
5928	χειμάζω	ser azotado por la tempestad
5929	χειμάρρους	torrente
5930	χειμών	invierno
5931	χείρ	mano
5932	χειραγωγέω	llevar de la mano
5933	χειραγωγός	guía
5934	χειρόγραφον	acta
5935	χειροποίητος	hecho a mano
5936	χειροτονέω	nombrar
5937	χείρων	peor
5938	Χερούβ	querubines
5939	χήρα	viuda
5940	χθές	ayer
5941	χιλίαρχος	tribuno
5942	χιλιάς	mil
5943	χίλιοι	mil
5944	χίος	Quíos
5945	χιτών	túnica
5946	χιών	nieve
5948	χλαμύς	manto
5949	χλευάζω	burlarse
5950	χλιαρός	tibio
5951	χλόη	Cloe
5952	χλωρός	verde pálido
5953	χξςʼ	666
5954	χοϊκός	terrenal
5955	χοῖνιξ	cuartillo
5956	χοῖρος	cerdo
5957	χολάω	airarse
5958	χολή	hiel
5959	χόος	polvo
5960	Χοραζίν	Corazín
5961	χορηγέω	proveer
5962	χορός	danza
5963	χορτάζω	saciar
5964	χόρτασμα	alimento
5965	χόρτος	hierba
5966	χουζᾶς	Cuza
5967	χοῦς	polvo
5968	χράομαι	usar
5970	χρεία	necesidad
5971	χρεοφειλέτης	deudor
5972	χρεωφειλέτης	deudor
5973	χρή	debe
5974	χρῄζω	necesitar
5975	χρῆμα	dinero
5976	χρηματίζω	advertir
5977	χρηματισμός	oráculo
5978	χρήσιμος	utilidad
5979	χρῆσις	uso
5980	χρηστεύομαι	ser bondadoso
5981	χρηστολογία	palabras lisonjeras
5982	χρηστός	fácil
5983	χρηστότης	benignidad
5984	χρῖσμα	unción
5985	Χριστιανός	cristiano
5986	Χριστός	Cristo
5987	χρίω	ungir
5988	χρονίζω	tardar
5989	χρόνος	tiempo
5990	χρονοτριβέω	pasar tiempo
5991	χρύσεος	de oro
5992	χρυσίον	oro
5993	χρυσοδακτύλιος	con anillo de oro
5994	χρυσόλιθος	crisólito
5995	χρυσόπρασος	crisoprasa
5996	χρυσός	oro
5997	χρυσοῦς	de oro
5998	χρυσόω	ser adornado con oro
5999	χρώς	piel
6000	χωλός	cojo
6001	χώρα	región
6002	Χωραζίν	Corazín
6003	χωρέω	ir
6004	χωρίζω	separar
6005	χωρίον	lugar
6006	χωρίς	sin
6007	χωρισμός	separación
6008	χῶρος	noroeste
6010	ψάλλω	cantar himnos
6011	ψαλμός	Salmos
6012	ψευδάδελφος	falso hermano
6013	ψευδαπόστολος	falso apóstol
6014	ψευδής	falso
6015	ψευδοδιδάσκαλος	falso maestro
6016	ψευδολόγος	mentiroso
6017	ψεύδομαι	mentir
6018	ψευδομαρτυρέω	dar falso testimonio
6019	ψευδομαρτυρία	falso testimonio
6020	ψευδόμαρτυς	falso testigo
6021	ψευδοπροφήτης	falso profeta
6022	ψεῦδος	mentira
6023	ψευδόχριστος	falsos cristos
6024	ψευδώνυμος	falsamente llamado
6025	ψεῦσμα	falsedad
6026	ψεύστης	mentiroso
6027	ψηλαφάω	palpar
6028	ψηφίζω	calcular
6029	ψῆφος	piedrecita
6030	ψιθυρισμός	murmuración
6031	ψιθυριστής	murmurador
6032	ψίξ	miga
6033	ψιχίον	migaja
6034	ψυχή	vida
6035	ψυχικός	natural
6036	ψῦχος	frío
6037	ψυχρός	frío
6038	ψύχω	enfriarse
6039	ψωμίζω	dar de comer
6040	ψωμίον	bocado
6041	ψώχω	frotar
6042	Ὦ	omega
6043	ὦ	oh
6044	Ὠβήδ	Obed
6045	ὧδε	aquí
6046	ὧδή	cántico
6047	ὠδίν	dolor de parto
6048	ὠδίνω	padecer dolores de parto
6049	ὦμος	hombros
6050	ὠνέομαι	comprar
6051	ὧόν	huevo
6052	ὥρα	hora
6053	ὡρᾶιος	hermoso
6054	ὠρύομαι	rugir
6055	ὡς	como
6056	ὡσάν	como si
6057	ὡσαννά	Hosanna
6058	ὡσαύτως	de la misma manera
6059	ὡσεί	como
6060	Ὡσηέ	Oseas
6061	ὥσπερ	así como
6062	ὡσπερεί	como
6063	ὥστε	por esta razón
6064	ὠτάριον	oreja
6065	ὠτίον	oreja
6066	ὠφέλεια	provecho
6067	ὠφελέω	aprovechar
6068	ὠφέλιμος	provechoso
7000	αὐτοῦ	aquí
7005	ἡμεῖς	nosotros
7007	ὑμεῖς	vosotros
